symbol,company_name,series,purpose,action_type,face_value,ex_date,record_date,book_closure_start,book_closure_end,payment_date,remarks,share_multiplier,price_multiplier,volume_multiplier,cash_dividend_per_share,auto_adjustable,parse_status,source,canonical_security_id,mapped_isin,mapping_method,mapping_status,mapping_left_date,mapping_right_date
CGPOWER,CG Power and Industrial Solutions Limited,EQ,Bonus 3:4,bonus,2.0,2010-03-08,2010-03-09,,,,,1.75,0.5714285714285714,1.75,,True,bonus_parsed,NSE_corporates-corporateActions,,,,unmapped,,
ZYDUSLIFE,Zydus Lifesciences Limited,EQ,Bonus 1: 2,bonus,1.0,2010-04-05,2010-04-06,,,,,1.5,0.6666666666666666,1.5,,True,bonus_parsed,NSE_corporates-corporateActions,,,,unmapped,,
CYIENT,Cyient Limited,EQ,Bonus 1:1,bonus,5.0,2010-06-10,2010-06-12,,,,,2.0,0.5,2.0,,True,bonus_parsed,NSE_corporates-corporateActions,,,,unmapped,,
ZENITHSTL,Zenith Steel Pipes & Industries Limited,EQ,Bonus 1:5,bonus,10.0,2010-08-11,2010-08-12,,,,,1.2,0.8333333333333334,1.2,,True,bonus_parsed,NSE_corporates-corporateActions,,,,unmapped,,
AEGISLOG,Aegis Logistics Limited,EQ,Bonus 2:3,bonus,1.0,2010-08-18,2010-08-20,,,,,1.6666666666666667,0.6,1.6666666666666667,,True,bonus_parsed,NSE_corporates-corporateActions,,,,unmapped,,
BIRLACOT,Birla Cotsyn (India) Limited,EQ,Bonus 1:5,bonus,1.0,2010-09-29,2010-10-01,,,,,1.2,0.8333333333333334,1.2,,True,bonus_parsed,NSE_corporates-corporateActions,,,,unmapped,,
ANTELOPUS,Antelopus Selan Energy Limited,EQ,Bonus 1:10,bonus,10.0,2010-12-31,2011-01-03,,,,,1.1,0.9090909090909091,1.1,,True,bonus_parsed,NSE_corporates-corporateActions,,,,unmapped,,
KSB,Ksb Limited,EQ,Bonus 1:1,bonus,2.0,2011-04-18,2011-04-19,,,,,2.0,0.5,2.0,,True,bonus_parsed,NSE_corporates-corporateActions,,,,unmapped,,
DHANUS,Dhanus Technologies Limited,EQ,Bonus 12:5,bonus,10.0,2011-08-29,2011-08-30,,,,,3.4,0.29411764705882354,3.4,,True,bonus_parsed,NSE_corporates-corporateActions,,,,unmapped,,
VASWANI,Vaswani Industries Limited,EQ,Bonus 1:4,bonus,10.0,2011-09-29,2011-10-03,,,,,1.25,0.8,1.25,,True,bonus_parsed,NSE_corporates-corporateActions,,,,unmapped,,
CASTEXTECH,Castex Technologies Limited,EQ,Bonus 1:1,bonus,2.0,2011-11-21,2011-11-22,,,,,2.0,0.5,2.0,,True,bonus_parsed,NSE_corporates-corporateActions,,,,unmapped,,
BSOFT,BIRLASOFT LIMITED,EQ,Bonus 1:1,bonus,2.0,2012-03-13,2012-03-14,,,,,2.0,0.5,2.0,,True,bonus_parsed,NSE_corporates-corporateActions,,,,unmapped,,
MINDACORP,Minda Corporation Limited,EQ,Bonus 1:1,bonus,2.0,2012-03-27,2012-03-28,,,,,2.0,0.5,2.0,,True,bonus_parsed,NSE_corporates-corporateActions,,,,unmapped,,
VAKRANGEE,Vakrangee Limited,EQ,Bonus 1:1 And Face Value Split From Rs.10/- To Re.1/-,bonus,1.0,2012-04-12,2012-04-13,,,,,2.0,0.5,2.0,,True,bonus_parsed,NSE_corporates-corporateActions,,,,unmapped,,
MOTHERSON,Samvardhana Motherson International Limited,EQ,Bonus 1:2,bonus,1.0,2012-10-03,,2012-10-05,2012-10-05,,,1.5,0.6666666666666666,1.5,,True,bonus_parsed,NSE_corporates-corporateActions,,,,unmapped,,
BBOX,Black Box Limited,EQ,Bonus 1:1,bonus,2.0,2012-12-19,2012-12-20,,,,,2.0,0.5,2.0,,True,bonus_parsed,NSE_corporates-corporateActions,,,,unmapped,,
AJRINFRA,AJR INFRA AND TOLLING LIMITED,EQ,Bonus 1:34,bonus,2.0,2013-01-23,2013-01-24,,,,,1.0294117647058822,0.9714285714285715,1.0294117647058822,,True,bonus_parsed,NSE_corporates-corporateActions,,,,unmapped,,
VKSPL,VKS Projects Limited,EQ,Bonus 5:2,bonus,1.0,2013-05-03,2013-05-06,,,,,3.5,0.2857142857142857,3.5,,True,bonus_parsed,NSE_corporates-corporateActions,,,,unmapped,,
TARIL,Transformers And Rectifiers (India) Limited,EQ,Bonus 1:9,bonus,1.0,2013-06-13,2013-06-14,,,,,1.1111111111111112,0.8999999999999999,1.1111111111111112,,True,bonus_parsed,NSE_corporates-corporateActions,,,,unmapped,,
GULFPETRO,GP Petroleums Limited,EQ,Bonus 23:19,bonus,5.0,2013-07-09,2013-07-10,,,,,2.210526315789474,0.45238095238095233,2.210526315789474,,True,bonus_parsed,NSE_corporates-corporateActions,,,,unmapped,,
MOTHERSON,Samvardhana Motherson International Limited,EQ,Bonus 1:2,bonus,1.0,2013-12-20,,2013-12-24,2013-12-24,,,1.5,0.6666666666666666,1.5,,True,bonus_parsed,NSE_corporates-corporateActions,,,,unmapped,,
MOHOTAIND,Mohota Industries Limited,EQ,Bonus 2 : 1,bonus,10.0,2014-02-06,2014-02-07,,,,,3.0,0.3333333333333333,3.0,,True,bonus_parsed,NSE_corporates-corporateActions,,,,unmapped,,
KOTHARIPRO,Kothari Products Limited,EQ,Bonus 2 : 1,bonus,10.0,2014-03-28,2014-04-02,,,,,3.0,0.3333333333333333,3.0,,True,bonus_parsed,NSE_corporates-corporateActions,,,,unmapped,,
JMTAUTOLTD,JMT Auto Limited,EQ,Bonus 5:2,bonus,1.0,2014-07-30,2014-07-31,,,,,3.5,0.2857142857142857,3.5,,True,bonus_parsed,NSE_corporates-corporateActions,,,,unmapped,,2014-08-06
AURUS,AURUS GEM CORPORATION LIMITED,EQ,Bonus 1:2,bonus,10.0,2014-09-29,2014-09-30,,,,,1.5,0.6666666666666666,1.5,,True,bonus_parsed,NSE_corporates-corporateActions,,,,unmapped,,
JBMA,JBM Auto Limited,EQ,Bonus 1:1 And Face Value Split Rs.10/- To Rs.5/- Per Share,bonus,1.0,2014-10-08,2014-10-09,,,,,2.0,0.5,2.0,,True,bonus_parsed,NSE_corporates-corporateActions,,,,unmapped,,
VIKASECO,Vikas EcoTech Limited,EQ,Bonus 3 : 2,bonus,1.0,2014-11-13,2014-11-15,,,,,2.5,0.4,2.5,,True,bonus_parsed,NSE_corporates-corporateActions,,,,unmapped,,
MINDACORP,Minda Corporation Limited,EQ,Bonus 1:1 / Face Value Split From Rs 10/- Per Share To Rs 2/- Per Share,bonus,2.0,2015-01-05,2015-01-06,,,,,2.0,0.5,2.0,,True,bonus_parsed,NSE_corporates-corporateActions,,,,unmapped,,2015-01-06
MOHOTAIND,Mohota Industries Limited,EQ,Bonus 1:6,bonus,10.0,2015-03-16,2015-03-17,,,,,1.1666666666666667,0.8571428571428571,1.1666666666666667,,True,bonus_parsed,NSE_corporates-corporateActions,,,,unmapped,,
PITTIENG,Pitti Engineering Limited,EQ,Face Value Split (Sub-Division) - From Rs 10/- Per Share To Rs 5/- Per Share,split_or_consolidation,5.0,2015-04-16,2015-04-17,,,,,2.0,0.5,2.0,,True,split_parsed,NSE_corporates-corporateActions,,,,unmapped,,
TITAGARH,TITAGARH RAIL SYSTEMS LIMITED,EQ,Face Value Split (Sub-Division) - From Rs 10/- Per Share To Rs 2/- Per Share,split_or_consolidation,2.0,2015-04-23,2015-04-24,,,,,5.0,0.2,5.0,,True,split_parsed,NSE_corporates-corporateActions,,,,unmapped,,
CEMPRO,Cemindia Projects Limited,EQ,Face Value Split (Sub-Division) - From Rs 10/- Per Share To Re 1/- Per Share,split_or_consolidation,1.0,2015-08-21,2015-08-24,,,,,10.0,0.1,10.0,,True,split_parsed,NSE_corporates-corporateActions,,,,unmapped,,
ZYDUSLIFE,Zydus Lifesciences Limited,EQ,Face Value Split (Sub-Division) - From Rs 5/- Per Share To Re 1/- Per Share,split_or_consolidation,1.0,2015-10-06,2015-10-07,,,,,5.0,0.2,5.0,,True,split_parsed,NSE_corporates-corporateActions,,,,unmapped,,
VEEDOL,Veedol Corporation Limited,EQ,Bonus 1:1/Face Value Split (Sub-Division) - From Rs 10/- Per Share To Rs 5/- Per Share,bonus,2.0,2016-03-16,2016-03-17,,,,,2.0,0.5,2.0,,True,bonus_parsed,NSE_corporates-corporateActions,,,,unmapped,,
WELSPUNLIV,Welspun Living Limited,EQ,Interim Div - Rs 6/- Per Share + Face Value Split (Sub-Division) - From Rs 10/- Per Share To Re 1/- Per Share,split_or_consolidation,1.0,2016-03-21,2016-03-22,,,,,10.0,0.1,10.0,,True,split_parsed,NSE_corporates-corporateActions,,,,unmapped,,
GANESHHOU,GANESH HOUSING LIMITED,EQ,Bonus 1:2,bonus,10.0,2016-07-14,2016-07-15,,,,,1.5,0.6666666666666666,1.5,,True,bonus_parsed,NSE_corporates-corporateActions,,,,unmapped,,
NAVA,NAVA LIMITED,EQ,Bonus 1:1,bonus,1.0,2016-09-01,2016-09-03,,,,,2.0,0.5,2.0,,True,bonus_parsed,NSE_corporates-corporateActions,,,,unmapped,,
SECURKLOUD,SECUREKLOUD TECHNOLOGIES LIMITED,EQ,Bonus 1:3/Face Value Split (Sub-Division) - From Rs 10/- Per Share To Rs 5/- Per Share,bonus,5.0,2016-10-10,2016-10-13,,,,,1.3333333333333333,0.75,1.3333333333333333,,True,bonus_parsed,NSE_corporates-corporateActions,,,,unmapped,,
GATECH,GACM Technologies Limited,EQ,Bonus 1:4,bonus,1.0,2017-01-10,2017-01-11,,,,,1.25,0.8,1.25,,True,bonus_parsed,NSE_corporates-corporateActions,,,,unmapped,,
ABMINTLTD,ABM International Limited,EQ,Bonus 5:1,bonus,10.0,2017-03-15,2017-03-16,,,,,6.0,0.16666666666666666,6.0,,True,bonus_parsed,NSE_corporates-corporateActions,,,,unmapped,,
BEARDSELL,Beardsell Limited,EQ,Bonus 1:5/Face Value Split (Sub-Division) - From Rs 10/- Per Share To Rs 2/- Per Share,bonus,2.0,2017-05-04,2017-05-05,,,,,1.2,0.8333333333333334,1.2,,True,bonus_parsed,NSE_corporates-corporateActions,,,,unmapped,,
MOTHERSON,Samvardhana Motherson International Limited,EQ,Bonus 1:2,bonus,1.0,2017-07-05,,2017-07-07,2017-07-07,,,1.5,0.6666666666666666,1.5,,True,bonus_parsed,NSE_corporates-corporateActions,,,,unmapped,,
AURUS,AURUS GEM CORPORATION LIMITED,EQ,Bonus 2:5,bonus,10.0,2017-07-12,2017-07-13,,,,,1.4,0.7142857142857143,1.4,,True,bonus_parsed,NSE_corporates-corporateActions,,,,unmapped,,
VIJIFIN,Viji Finance Limited,EQ,Bonus 1:10,bonus,1.0,2017-08-04,2017-08-07,,,,,1.1,0.9090909090909091,1.1,,True,bonus_parsed,NSE_corporates-corporateActions,,,,unmapped,,
CCAVENUE,AvenuesAI Limited,EQ,Annual General Meeting/Face Value Split (Sub-Division) - From Rs 10/- Per Share To Re 1/- Per Share,split_or_consolidation,1.0,2017-08-31,2017-09-01,,,,,10.0,0.1,10.0,,True,split_parsed,NSE_corporates-corporateActions,,,,unmapped,,
TARIL,Transformers And Rectifiers (India) Limited,EQ,Face Value Split (Sub-Division) - From Rs 10/- Per Share To Re 1/- Per Share,split_or_consolidation,1.0,2017-09-28,2017-09-30,,,,,10.0,0.1,10.0,,True,split_parsed,NSE_corporates-corporateActions,,,,unmapped,,
ATLASCYCLE,Atlas Cycles (Haryana) Limited,EQ,Face Value Split (Sub-Division) - From Rs 10/- Per Share To Rs 5/- Per Share,split_or_consolidation,5.0,2017-10-30,2017-10-31,,,,,2.0,0.5,2.0,,True,split_parsed,NSE_corporates-corporateActions,,,,unmapped,,
BILENERGY,Bil Energy Systems Limited,EQ,Bonus 1:1,bonus,1.0,2018-01-11,2018-01-13,,,,,2.0,0.5,2.0,,True,bonus_parsed,NSE_corporates-corporateActions,,,,unmapped,,
LANDSMILL,Landsmill Green Limited,EQ,Bonus 2:1,bonus,1.0,2018-01-23,2018-01-24,,,,,3.0,0.3333333333333333,3.0,,True,bonus_parsed,NSE_corporates-corporateActions,,,,unmapped,,
PCBL,PCBL Chemical Limited,EQ,Face Value Split (Sub-Division) - From Rs 10/- Per Share To Rs 2/- Per Share,split_or_consolidation,1.0,2018-04-19,2018-04-20,,,,,5.0,0.2,5.0,,True,split_parsed,NSE_corporates-corporateActions,,,,unmapped,,
UNITDSPR,United Spirits Limited,EQ,Face Value Split (Sub-Division) - From Rs 10/- Per Share To Rs 2/- Per Share,split_or_consolidation,2.0,2018-06-15,2018-06-18,,,,,5.0,0.2,5.0,,True,split_parsed,NSE_corporates-corporateActions,,,,unmapped,,
EPL,EPL Limited,EQ,Bonus 1:1,bonus,2.0,2018-06-20,2018-06-21,,,,,2.0,0.5,2.0,,True,bonus_parsed,NSE_corporates-corporateActions,,,,unmapped,,
UNOMINDA,UNO Minda Limited,EQ,Bonus 2:1/Dividend- Rs 1.60 Per Share,bonus,2.0,2018-07-11,2018-07-12,,,,,3.0,0.3333333333333333,3.0,,True,bonus_parsed,NSE_corporates-corporateActions,,,,unmapped,,
BORORENEW,BOROSIL RENEWABLES LIMITED,EQ,Bonus 3:1,bonus,1.0,2018-08-02,2018-08-03,,,,,4.0,0.25,4.0,,True,bonus_parsed,NSE_corporates-corporateActions,,,,unmapped,,
SUMEETINDS,Sumeet Industries Limited,EQ,Bonus 1:4,bonus,2.0,2018-08-02,2018-08-04,,,,,1.25,0.8,1.25,,True,bonus_parsed,NSE_corporates-corporateActions,,,,unmapped,2018-08-01,
MOTHERSON,Samvardhana Motherson International Limited,EQ,Bonus 1:2,bonus,1.0,2018-10-30,2018-10-31,,,,,1.5,0.6666666666666666,1.5,,True,bonus_parsed,NSE_corporates-corporateActions,,,,unmapped,,
GUJENERGY,GUJARAT ENERGY LIMITED,EQ,Face Value Split (Sub-Division) - From Rs 10/- Per Share To Rs 2/- Per Share,split_or_consolidation,2.0,2019-01-15,2019-01-16,,,,,5.0,0.2,5.0,,True,split_parsed,NSE_corporates-corporateActions,,,,unmapped,,
MOTOGENFIN,The Motor & General Finance Limited,EQ,Face Value Split (Sub-Division) - From Rs 10 Per Share To Rs 5  Per Share,split_or_consolidation,5.0,2020-06-19,2020-06-22,,,,,2.0,0.5,2.0,,True,split_parsed,NSE_corporates-corporateActions,,,,unmapped,2020-06-17,
DHARAN,DHARAN INFRA-EPC LIMITED,EQ,Face Value Split (Sub-Division) - From Rs 10/- Per Share To Rs 2/- Per Share,split_or_consolidation,1.0,2020-07-02,2020-07-03,,,,,5.0,0.2,5.0,,True,split_parsed,NSE_corporates-corporateActions,,,,unmapped,,
COHANCE,Cohance Lifesciences Limited,EQ,Bonus 1:1,bonus,1.0,2020-09-25,2020-09-28,,,,,2.0,0.5,2.0,,True,bonus_parsed,NSE_corporates-corporateActions,,,,unmapped,,
CCAVENUE,AvenuesAI Limited,EQ,Bonus 1:1,bonus,1.0,2021-03-18,2021-03-20,,,,,2.0,0.5,2.0,,True,bonus_parsed,NSE_corporates-corporateActions,,,,unmapped,,
LIBAS,Libas Consumer Products Limited,EQ,Bonus 1:5,bonus,10.0,2021-04-06,2021-04-07,,,,,1.2,0.8333333333333334,1.2,,True,bonus_parsed,NSE_corporates-corporateActions,,,,unmapped,,
VEEDOL,Veedol Corporation Limited,EQ,Bonus 1:1,bonus,2.0,2021-07-26,2021-07-27,,,,,2.0,0.5,2.0,,True,bonus_parsed,NSE_corporates-corporateActions,,,,unmapped,,
VEEDOL,Veedol Corporation Limited,EQ,Face Value Split (Sub-Division) - From Rs 5/- Per Share To Re 2/- Per Share,split_or_consolidation,2.0,2021-07-26,2021-07-27,,,,,2.5,0.4,2.5,,True,split_parsed,NSE_corporates-corporateActions,,,,unmapped,,
MAANALU,Maan Aluminium Limited,EQ,Bonus 1: 1,bonus,5.0,2021-08-02,2021-08-03,,,,,2.0,0.5,2.0,,True,bonus_parsed,NSE_corporates-corporateActions,,,,unmapped,,
GLOBE,GLOBE ENTERPRISES (INDIA) LIMITED,EQ,Bonus 2:1,bonus,2.0,2021-08-03,2021-08-04,,,,,3.0,0.3333333333333333,3.0,,True,bonus_parsed,NSE_corporates-corporateActions,,,,unmapped,,
GLOBE,GLOBE ENTERPRISES (INDIA) LIMITED,EQ,Face Value Split (Sub-Division) - From Rs 10/- Per Share To Rs 2/- Per Share,split_or_consolidation,2.0,2021-08-03,2021-08-04,,,,,5.0,0.2,5.0,,True,split_parsed,NSE_corporates-corporateActions,,,,unmapped,,
DHARAN,DHARAN INFRA-EPC LIMITED,EQ,Bonus 4:1,bonus,1.0,2021-08-12,2021-08-13,,,,,5.0,0.2,5.0,,True,bonus_parsed,NSE_corporates-corporateActions,,,,unmapped,,
DHARAN,DHARAN INFRA-EPC LIMITED,EQ,Face Value Split (Sub-Division) - From Rs 2/- Per Share To Re 1/- Per Share,split_or_consolidation,1.0,2021-08-12,2021-08-13,,,,,2.0,0.5,2.0,,True,split_parsed,NSE_corporates-corporateActions,,,,unmapped,,
BCG,Brightcom Group Limited,EQ,Bonus 1:4,bonus,2.0,2021-08-18,2021-08-20,,,,,1.25,0.8,1.25,,True,bonus_parsed,NSE_corporates-corporateActions,,,,unmapped,,
RAJMET,Rajnandini Metal Limited,EQ,Bonus 1:2,bonus,1.0,2021-09-02,2021-09-03,,,,,1.5,0.6666666666666666,1.5,,True,bonus_parsed,NSE_corporates-corporateActions,,,,unmapped,,
TIRUPATIFL,Tirupati Forge Limited,EQ,Bonus 3:4,bonus,2.0,2021-10-07,2021-10-09,,,,,1.75,0.5714285714285714,1.75,,True,bonus_parsed,NSE_corporates-corporateActions,,,,unmapped,,
TIRUPATIFL,Tirupati Forge Limited,EQ,Face Value Split (Sub-Division) - From Rs 10/- Per Share To Rs 2/- Per Share,split_or_consolidation,2.0,2021-10-07,2021-10-09,,,,,5.0,0.2,5.0,,True,split_parsed,NSE_corporates-corporateActions,,,,unmapped,,
SSWL,Steel Strips Wheels Limited,EQ,Face Value Split (Sub-Division) - From Rs 10/- Per Share To Rs 5/- Per Share,split_or_consolidation,1.0,2021-11-18,2021-11-22,,,,,2.0,0.5,2.0,,True,split_parsed,NSE_corporates-corporateActions,,,,unmapped,,
AURIGROW,Auri Grow India Limited,EQ,Bonus 1:1,bonus,1.0,2022-01-20,2022-01-21,,,,,2.0,0.5,2.0,,True,bonus_parsed,NSE_corporates-corporateActions,,,,unmapped,,
ESSENTIA,Integra Essentia Limited,EQ,Face Value Split (Sub-Division) - From Rs 3/- Per Share To Re 1/- Per Share,split_or_consolidation,1.0,2022-02-03,2022-02-04,,,,,3.0,0.3333333333333333,3.0,,True,split_parsed,NSE_corporates-corporateActions,,,,unmapped,,
SBC,SBC Exports Limited,EQ,Bonus 1:1,bonus,1.0,2022-02-22,2022-02-23,,,,,2.0,0.5,2.0,,True,bonus_parsed,NSE_corporates-corporateActions,,,,unmapped,,
SBC,SBC Exports Limited,EQ,Face Value Split (Sub-Division) - From Rs 10/- Per Share To Re 1/- Per Share,split_or_consolidation,1.0,2022-02-22,2022-02-23,,,,,10.0,0.1,10.0,,True,split_parsed,NSE_corporates-corporateActions,,,,unmapped,,
CCAVENUE,AvenuesAI Limited,EQ,Bonus 1:1,bonus,1.0,2022-03-14,2022-03-15,,,,,2.0,0.5,2.0,,True,bonus_parsed,NSE_corporates-corporateActions,,,,unmapped,,
RAJRATAN,Rajratan Global Wire Limited,EQ,Face Value Split (Sub-Division) - From Rs 10/- Per Share To Rs 2/- Per Share,split_or_consolidation,2.0,2022-03-15,2022-03-16,,,,,5.0,0.2,5.0,,True,split_parsed,NSE_corporates-corporateActions,,,,unmapped,,
DRCSYSTEMS,DRC Systems India Limited,EQ,Face Value Split (Sub-Division) - From Rs 10/- Per Share To Re 1/- Per Share,split_or_consolidation,1.0,2022-03-16,2022-03-17,,,,,10.0,0.1,10.0,,True,split_parsed,NSE_corporates-corporateActions,,,,unmapped,,
AURIGROW,Auri Grow India Limited,EQ,Face Value Split (Sub-Division) - From Rs 10/- Per Share To Re 1/- Per Share,split_or_consolidation,1.0,2022-03-24,2022-03-25,,,,,10.0,0.1,10.0,,True,split_parsed,NSE_corporates-corporateActions,,,,unmapped,,
COSMOFIRST,COSMO FIRST LIMITED,EQ,Bonus 1:2,bonus,10.0,2022-06-16,2022-06-18,,,,,1.5,0.6666666666666666,1.5,,True,bonus_parsed,NSE_corporates-corporateActions,,,,unmapped,,
XPROINDIA,Xpro India Limited,EQ,Bonus 1:2,bonus,10.0,2022-07-01,2022-07-04,,,,,1.5,0.6666666666666666,1.5,,True,bonus_parsed,NSE_corporates-corporateActions,,,,unmapped,,
UNOMINDA,UNO Minda Limited,EQ,Bonus 1:1,bonus,2.0,2022-07-07,2022-07-08,,,,,2.0,0.5,2.0,,True,bonus_parsed,NSE_corporates-corporateActions,,,,unmapped,,
SONAMLTD,SONAM LIMITED,EQ,Bonus 1:1,bonus,5.0,2022-07-14,2022-07-16,,,,,2.0,0.5,2.0,,True,bonus_parsed,NSE_corporates-corporateActions,,,,unmapped,,
LANDSMILL,Landsmill Green Limited,EQ,Bonus 1:2,bonus,1.0,2022-09-28,2022-09-28,,,,,1.5,0.6666666666666666,1.5,,True,bonus_parsed,NSE_corporates-corporateActions,,,,unmapped,,
LANDSMILL,Landsmill Green Limited,EQ,Face Value Split (Sub-Division) - From Rs 10/- Per Share To Re 1/- Per Share,split_or_consolidation,1.0,2022-09-28,2022-09-28,,,,,10.0,0.1,10.0,,True,split_parsed,NSE_corporates-corporateActions,,,,unmapped,,
AHLEAST,Asian Hotels (East) Limited,EQ,Bonus 1:2,bonus,10.0,2022-10-06,2022-10-07,,,,,1.5,0.6666666666666666,1.5,,True,bonus_parsed,NSE_corporates-corporateActions,,,,unmapped,,
MBAPL,Madhya Bharat Agro Products Limited,EQ,Bonus 1:1,bonus,2.0,2022-10-18,2022-10-19,,,,,2.0,0.5,2.0,,True,bonus_parsed,NSE_corporates-corporateActions,,,,unmapped,,
KSHITIJPOL,Kshitij Polyline Limited,EQ,Face Value Split (Sub-Division) - From Rs 10/- Per Share To Rs 2/- Per Share,split_or_consolidation,2.0,2022-10-27,2022-10-27,,,,,5.0,0.2,5.0,,True,split_parsed,NSE_corporates-corporateActions,,,,unmapped,,
GVPTECH,GVP Infotech Limited,EQ,Face Value Split (Sub-Division) - From Rs 10/- Per Share To Rs 2/- Per Share,split_or_consolidation,2.0,2023-01-23,2023-01-23,,,,,5.0,0.2,5.0,,True,split_parsed,NSE_corporates-corporateActions,,,,unmapped,,
VINNY,Vinny Overseas Limited,EQ,Bonus 13:10,bonus,1.0,2023-02-24,2023-02-24,,,,,2.3,0.4347826086956522,2.3,,True,bonus_parsed,NSE_corporates-corporateActions,,,,unmapped,,
VINNY,Vinny Overseas Limited,EQ,Face Value Split (Sub-Division) - From Rs 10/- Per Share To Re 1/- Per Share,split_or_consolidation,1.0,2023-02-24,2023-02-24,,,,,10.0,0.1,10.0,,True,split_parsed,NSE_corporates-corporateActions,,,,unmapped,,
TIPSMUSIC,Tips Music Limited,EQ,Face Value Split (Sub-Division) - From Rs 10/- Per Share To Re 1/- Per Share,split_or_consolidation,1.0,2023-04-21,2023-04-21,,,,,10.0,0.1,10.0,,True,split_parsed,NSE_corporates-corporateActions,,,,unmapped,,
GOYALALUM,Goyal Aluminiums Limited,EQ,Face Value Split (Sub-Division) - From Rs 10/- Per Share To Re 1/- Per Share,split_or_consolidation,1.0,2023-04-25,2023-04-25,,,,,10.0,0.1,10.0,,True,split_parsed,NSE_corporates-corporateActions,,,,unmapped,,
AKI,AKI India Limited,EQ,Face Value Split (Sub-Division) - From Rs 10/- Per Share To Rs 2/- Per Share,split_or_consolidation,2.0,2023-06-22,2023-06-22,,,,,5.0,0.2,5.0,,True,split_parsed,NSE_corporates-corporateActions,,,,unmapped,,
NDRAUTO,Ndr Auto Components Limited,EQ,Bonus 1:1,bonus,10.0,2023-07-24,2023-07-24,,,,,2.0,0.5,2.0,,True,bonus_parsed,NSE_corporates-corporateActions,,,,unmapped,,
MAANALU,Maan Aluminium Limited,EQ,Bonus 1:1,bonus,5.0,2023-07-27,2023-07-27,,,,,2.0,0.5,2.0,,True,bonus_parsed,NSE_corporates-corporateActions,,,,unmapped,,
MAANALU,Maan Aluminium Limited,EQ,Face Value Split (Sub-Division) - From Rs 10/- Per Share To Rs 5/- Per Share,split_or_consolidation,5.0,2023-07-27,2023-07-27,,,,,2.0,0.5,2.0,,True,split_parsed,NSE_corporates-corporateActions,,,,unmapped,,
SERVOTECH,Servotech Renewable Power System Limited,EQ,Face Value Split (Sub-Division) - From Rs 2/- Per Share To Re 1/- Per Share,split_or_consolidation,1.0,2023-07-28,2023-07-28,,,,,2.0,0.5,2.0,,True,split_parsed,NSE_corporates-corporateActions,,,,unmapped,,
AKSHAR,Akshar Spintex Limited,EQ,Face Value Split (Sub-Division) - From Rs 10/- Per Share To Re 1/- Per Share,split_or_consolidation,1.0,2023-07-31,2023-07-31,,,,,10.0,0.1,10.0,,True,split_parsed,NSE_corporates-corporateActions,,,,unmapped,,
NINSYS,NINtec Systems Limited,EQ,Bonus 4:5,bonus,10.0,2023-08-03,2023-08-03,,,,,1.8,0.5555555555555556,1.8,,True,bonus_parsed,NSE_corporates-corporateActions,,,,unmapped,,
SARVESHWAR,Sarveshwar Foods Limited,EQ,Bonus 2:1,bonus,1.0,2023-09-15,2023-09-15,,,,,3.0,0.3333333333333333,3.0,,True,bonus_parsed,NSE_corporates-corporateActions,,,,unmapped,,
SARVESHWAR,Sarveshwar Foods Limited,EQ,Face Value Split (Sub-Division) - From Rs 10/- Per Share To Re 1/- Per Share,split_or_consolidation,1.0,2023-09-15,2023-09-15,,,,,10.0,0.1,10.0,,True,split_parsed,NSE_corporates-corporateActions,,,,unmapped,,
GEEKAYWIRE,Geekay Wires Limited,EQ,Face Value Split (Sub-Division) - From Rs 10/- Per Share To Rs 2/- Per Share,split_or_consolidation,1.0,2023-10-23,2023-10-23,,,,,5.0,0.2,5.0,,True,split_parsed,NSE_corporates-corporateActions,,,,unmapped,,
HINDCON,Hindcon Chemicals Limited,EQ,Face Value Split (Sub-Division) - From Rs 10/- Per Share To Rs 2/- Per Share,split_or_consolidation,2.0,2023-11-10,2023-11-10,,,,,5.0,0.2,5.0,,True,split_parsed,NSE_corporates-corporateActions,,,,unmapped,,
ATALREAL,Atal Realtech Limited,EQ,Face Value Split (Sub-Division) - From Rs 10/- Per Share To Rs 2/- Per Share,split_or_consolidation,2.0,2023-11-16,2023-11-16,,,,,5.0,0.2,5.0,,True,split_parsed,NSE_corporates-corporateActions,,,,unmapped,,
TPHQ,Teamo Productions HQ Limited,EQ,Face Value Split (Sub-Division) - From Rs 10/- Per Share To Re 1/- Per Share,split_or_consolidation,1.0,2023-12-14,2023-12-14,,,,,10.0,0.1,10.0,,True,split_parsed,NSE_corporates-corporateActions,,,,unmapped,,
KRITIKA,Kritika Wires Limited,EQ,Bonus 2:1,bonus,2.0,2023-12-19,2023-12-19,,,,,3.0,0.3333333333333333,3.0,,True,bonus_parsed,NSE_corporates-corporateActions,,,,unmapped,,
PGIL,Pearl Global Industries Limited,EQ,Face Value Split (Sub-Division) - From Rs10/- Per Share To Rs 5/- Per Share,split_or_consolidation,5.0,2024-01-05,2024-01-05,,,,,2.0,0.5,2.0,,True,split_parsed,NSE_corporates-corporateActions,,,,unmapped,,
ESSENTIA,Integra Essentia Limited,EQ,Bonus 1:1,bonus,1.0,2024-01-11,2024-01-11,,,,,2.0,0.5,2.0,,True,bonus_parsed,NSE_corporates-corporateActions,,,,unmapped,2024-01-09,
NEWGEN,Newgen Software Technologies Limited,EQ,Bonus 1:1,bonus,10.0,2024-01-12,2024-01-12,,,,,2.0,0.5,2.0,,True,bonus_parsed,NSE_corporates-corporateActions,,,,unmapped,,
DOLPHIN,Dolphin Offshore Enterprises (India) Limited,EQ,Face Value Split (Sub-Division) - From Rs 10/- Per Share To Re 1/- Per Share,split_or_consolidation,1.0,2024-01-25,2024-01-25,,,,,10.0,0.1,10.0,,True,split_parsed,NSE_corporates-corporateActions,,,,unmapped,,
AKSHAR,Akshar Spintex Limited,EQ,Bonus 1:5,bonus,1.0,2024-02-15,2024-02-15,,,,,1.2,0.8333333333333334,1.2,,True,bonus_parsed,NSE_corporates-corporateActions,,,,unmapped,,
DRCSYSTEMS,DRC Systems India Limited,EQ,Bonus 2:1,bonus,1.0,2024-02-27,2024-02-27,,,,,3.0,0.3333333333333333,3.0,,True,bonus_parsed,NSE_corporates-corporateActions,,,,unmapped,,
MKPL,M K Proteins Limited,EQ,Bonus 2:1,bonus,1.0,2024-03-15,2024-03-15,,,,,3.0,0.3333333333333333,3.0,,True,bonus_parsed,NSE_corporates-corporateActions,,,,unmapped,,
LAL,Lorenzini Apparels Limited,EQ,Bonus 6:11,bonus,1.0,2024-03-28,2024-03-28,,,,,1.5454545454545454,0.6470588235294118,1.5454545454545454,,True,bonus_parsed,NSE_corporates-corporateActions,,,,unmapped,,
LAL,Lorenzini Apparels Limited,EQ,Face Value Split (Sub-Division) - From Rs 10/- Per Share To Re 1/- Per Share,split_or_consolidation,1.0,2024-03-28,2024-03-28,,,,,10.0,0.1,10.0,,True,split_parsed,NSE_corporates-corporateActions,,,,unmapped,,
CUPID,Cupid Limited,EQ,Bonus 1:1,bonus,1.0,2024-04-04,2024-04-04,,,,,2.0,0.5,2.0,,True,bonus_parsed,NSE_corporates-corporateActions,,,,unmapped,,
CUPID,Cupid Limited,EQ,Face Value Split (Sub-Division) - From Rs 10/- Per Share To Re 1/- Per Share,split_or_consolidation,1.0,2024-04-04,2024-04-04,,,,,10.0,0.1,10.0,,True,split_parsed,NSE_corporates-corporateActions,,,,unmapped,,
AVONMORE,Avonmore Capital & Management Services Limited,EQ,Face Value Split (Sub-Division) - From Rs 10/- Per Share To Rs 1/- Per Share,split_or_consolidation,1.0,2024-06-28,2024-06-28,,,,,10.0,0.1,10.0,,True,split_parsed,NSE_corporates-corporateActions,,,,unmapped,,
GPTINFRA,GPT Infraprojects Limited,EQ,Bonus 1:1,bonus,10.0,2024-07-03,2024-07-03,,,,,2.0,0.5,2.0,,True,bonus_parsed,NSE_corporates-corporateActions,,,,unmapped,,
VERTOZ,Vertoz Limited,EQ,Bonus 1:1,bonus,10.0,2024-07-05,2024-07-05,,,,,2.0,0.5,2.0,,True,bonus_parsed,NSE_corporates-corporateActions,,,,unmapped,,2024-07-08
VERTOZ,Vertoz Limited,EQ,Face Value Split (Sub-Division) - From Rs 10/- Per Share To Re 1/- Per Share,split_or_consolidation,10.0,2024-07-05,2024-07-05,,,,,10.0,0.1,10.0,,True,split_parsed,NSE_corporates-corporateActions,,,,unmapped,,2024-07-08
AARTECH,Aartech Solonics Limited,EQ,Bonus 1:2,bonus,5.0,2024-08-09,2024-08-09,,,,,1.5,0.6666666666666666,1.5,,True,bonus_parsed,NSE_corporates-corporateActions,,,,unmapped,,2024-08-12
AARTECH,Aartech Solonics Limited,EQ,Face Value Split (Sub-Division) - From Rs 10/- Per Share To Rs 5/- Per Share,split_or_consolidation,5.0,2024-08-09,2024-08-09,,,,,2.0,0.5,2.0,,True,split_parsed,NSE_corporates-corporateActions,,,,unmapped,,2024-08-12
DJML,DJ Mediaprint & Logistics Limited,EQ,Bonus 2:1,bonus,10.0,2024-08-09,2024-08-09,,,,,3.0,0.3333333333333333,3.0,,True,bonus_parsed,NSE_corporates-corporateActions,,,,unmapped,,
KAPSTON,Kapston Services Limited,EQ,Face Value Split (Sub-Division) - From Rs 10/- Per Share To Rs 5/- Per Share,split_or_consolidation,5.0,2024-08-09,2024-08-09,,,,,2.0,0.5,2.0,,True,split_parsed,NSE_corporates-corporateActions,,,,unmapped,,
GRPLTD,GRP Limited,EQ,Bonus 3:1,bonus,10.0,2024-08-12,2024-08-12,,,,,4.0,0.25,4.0,,True,bonus_parsed,NSE_corporates-corporateActions,,,,unmapped,,
NDL,Nandan Denim Limited,EQ,Face Value Split (Sub-Division) - From Rs 10/- Per Share To Re 1/- Per Share,split_or_consolidation,1.0,2024-09-19,2024-09-19,,,,,10.0,0.1,10.0,,True,split_parsed,NSE_corporates-corporateActions,,,,unmapped,,
MINDTECK,Mindteck (India) Limited,EQ,Bonus 1:4,bonus,10.0,2024-09-20,2024-09-20,,,,,1.25,0.8,1.25,,True,bonus_parsed,NSE_corporates-corporateActions,,,,unmapped,,
UEL,Ujaas Energy Limited,EQ,Bonus 1:4,bonus,1.0,2024-09-20,2024-09-20,,,,,1.25,0.8,1.25,,True,bonus_parsed,NSE_corporates-corporateActions,,,,unmapped,,
HEGAM,HEG Advanced Materials Limited,EQ,Face Value Split (Sub-Division) - From Rs 10/- Per Share To Rs 2/- Per Share,split_or_consolidation,2.0,2024-10-18,2024-10-18,,,,,5.0,0.2,5.0,,True,split_parsed,NSE_corporates-corporateActions,,,,unmapped,,
PREMIERPOL,Premier Polyfilm Limited,EQ,Face Value Split (Sub-Division) - From Rs 5/- Per Share To Re 1/- Per Share,split_or_consolidation,1.0,2024-11-05,2024-11-05,,,,,5.0,0.2,5.0,,True,split_parsed,NSE_corporates-corporateActions,,,,unmapped,,
MOTISONS,Motisons Jewellers Limited,EQ,Face Value Split (Sub-Division) - From Rs 10/- Per Share To Re 1/- Per Share,split_or_consolidation,1.0,2024-11-08,2024-11-09,,,,,10.0,0.1,10.0,,True,split_parsed,NSE_corporates-corporateActions,,,,unmapped,,
DIACABS,Diamond Power Infrastructure Limited,EQ,Face Value Split (Sub-Division) - From Rs 10/- Per Share To Re 1/- Per Share,split_or_consolidation,1.0,2024-12-03,2024-12-03,,,,,10.0,0.1,10.0,,True,split_parsed,NSE_corporates-corporateActions,,,,unmapped,,
SHRADHA,Shradha Realty Limited,EQ,Face Value Split (Sub-Division) - From Rs 5/- Per Share To Rs 2/- Per Share,split_or_consolidation,2.0,2024-12-10,2024-12-10,,,,,2.5,0.4,2.5,,True,split_parsed,NSE_corporates-corporateActions,,,,unmapped,,
PCJEWELLER,PC Jeweller Limited,EQ,Face Value Split (Sub-Division) - From Rs 10/- Per Share To Re 1/- Per Share,split_or_consolidation,1.0,2024-12-16,2024-12-16,,,,,10.0,0.1,10.0,,True,split_parsed,NSE_corporates-corporateActions,,,,unmapped,,
SKYGOLD,SKY GOLD AND DIAMONDS LIMITED,EQ,Bonus 9:1,bonus,10.0,2024-12-16,2024-12-16,,,,,10.0,0.1,10.0,,True,bonus_parsed,NSE_corporates-corporateActions,,,,unmapped,,
KITEX,Kitex Garments Limited,EQ,Bonus 2:1,bonus,1.0,2025-01-17,2025-01-17,,,,,3.0,0.3333333333333333,3.0,,True,bonus_parsed,NSE_corporates-corporateActions,,,,unmapped,,
MAZDA,Mazda Limited,EQ,Face Value Split (Sub-Division) - From Rs 10/- Per Share To Rs 2/- Per Share,split_or_consolidation,2.0,2025-01-28,2025-01-28,,,,,5.0,0.2,5.0,,True,split_parsed,NSE_corporates-corporateActions,,,,unmapped,,
TTL,T T Limited,EQ,Face Value Split (Sub-Division) - From Rs 10/- Per Share To Re 1/- Per Share,split_or_consolidation,1.0,2025-02-12,2025-02-12,,,,,10.0,0.1,10.0,,True,split_parsed,NSE_corporates-corporateActions,,,,unmapped,,
KOTHARIPRO,Kothari Products Limited,EQ,Bonus 1:1,bonus,10.0,2025-02-18,2025-02-18,,,,,2.0,0.5,2.0,,True,bonus_parsed,NSE_corporates-corporateActions,,,,unmapped,,
DHARAN,DHARAN INFRA-EPC LIMITED,EQ,Bonus 1:1,bonus,1.0,2025-04-04,2025-04-04,,,,,2.0,0.5,2.0,,True,bonus_parsed,NSE_corporates-corporateActions,,,,unmapped,,
NAVKARURB,Navkar Urbanstructure Limited,EQ,Bonus 3:2,bonus,1.0,2025-04-24,2025-04-24,,,,,2.5,0.4,2.5,,True,bonus_parsed,NSE_corporates-corporateActions,,,,unmapped,,
ACUTAAS,Acutaas Chemicals Limited,EQ,Face Value Split (Sub-Division) - From Rs 10/- Per Share To Rs 5/- Per Share,split_or_consolidation,5.0,2025-04-25,2025-04-25,,,,,2.0,0.5,2.0,,True,split_parsed,NSE_corporates-corporateActions,,,,unmapped,,
UEL,Ujaas Energy Limited,EQ,Bonus 17:25,bonus,1.0,2025-05-30,2025-05-30,,,,,1.68,0.5952380952380952,1.68,,True,bonus_parsed,NSE_corporates-corporateActions,,,,unmapped,,
VERTOZ,Vertoz Limited,EQ,Consolidation Of Equity Shares From Re 1 Per Share To Rs 10 Per Share,split_or_consolidation,10.0,2025-06-25,2025-06-25,,,,,0.1,10.0,0.1,,True,split_parsed,NSE_corporates-corporateActions,,,,unmapped,,
IRISDOREME,Iris Clothings Limited,EQ,Bonus 1:1,bonus,2.0,2025-07-04,2025-07-04,,,,,2.0,0.5,2.0,,True,bonus_parsed,NSE_corporates-corporateActions,,,,unmapped,2025-07-03,
INDOTHAI,Indo Thai Securities Limited,EQ,Face Value Split (Sub-Division) - From Rs 10/- Per Share To Re 1/- Per Share,split_or_consolidation,1.0,2025-07-18,2025-07-18,,,,,10.0,0.1,10.0,,True,split_parsed,NSE_corporates-corporateActions,,,,unmapped,,
SUMEETINDS,Sumeet Industries Limited,EQ,Face Value Split (Sub-Division) - From Rs 10/- Per Share To Rs 2/- Per Share,split_or_consolidation,2.0,2025-10-03,2025-10-03,,,,,5.0,0.2,5.0,,True,split_parsed,NSE_corporates-corporateActions,,,,unmapped,,2025-10-06
UEL,Ujaas Energy Limited,EQ,Bonus 2:1,bonus,1.0,2025-10-10,2025-10-10,,,,,3.0,0.3333333333333333,3.0,,True,bonus_parsed,NSE_corporates-corporateActions,,,,unmapped,,
SIKKO,Sikko Industries Limited,EQ,Face Value Split (Sub-Division) - From Rs 10/- Per Share To Re 1/- Per Share,split_or_consolidation,1.0,2025-11-27,2025-11-27,,,,,10.0,0.1,10.0,,True,split_parsed,NSE_corporates-corporateActions,,,,unmapped,,
SIKKO,Sikko Industries Limited,EQ,Bonus 1:1,bonus,1.0,2025-12-08,2025-12-08,,,,,2.0,0.5,2.0,,True,bonus_parsed,NSE_corporates-corporateActions,,,,unmapped,,
AXITA,Axita Cotton Limited,EQ,Bonus 1:10,bonus,1.0,2026-02-13,2026-02-13,,,,,1.1,0.9090909090909091,1.1,,True,bonus_parsed,NSE_corporates-corporateActions,,,,unmapped,,
KAPSTON,Kapston Services Limited,EQ,Bonus 1:2,bonus,5.0,2026-03-06,2026-03-06,,,,,1.5,0.6666666666666666,1.5,,True,bonus_parsed,NSE_corporates-corporateActions,,,,unmapped,,
RNBDENIMS,R&B Denims Limited,EQ,Bonus 1:2,bonus,1.0,2026-04-02,2026-04-03,,,,,1.5,0.6666666666666666,1.5,,True,bonus_parsed,NSE_corporates-corporateActions,,,,unmapped,,
RNBDENIMS,R&B Denims Limited,EQ,Face Value Split (Sub-Division) - From Rs 2/- Per Share To Re 1/- Per Share,split_or_consolidation,1.0,2026-04-02,2026-04-03,,,,,2.0,0.5,2.0,,True,split_parsed,NSE_corporates-corporateActions,,,,unmapped,,
DBEIL,Deepak Builders & Engineers India Limited,EQ,Face Value Split (Sub-Division) - From Rs 10/- Per Share To Re 1/- Per Share,split_or_consolidation,1.0,2026-06-19,2026-06-19,,,,,10.0,0.1,10.0,,True,split_parsed,NSE_corporates-corporateActions,,,,unmapped,,
KOTYARK,Kotyark Industries Limited,EQ,Bonus 10:1,bonus,10.0,2026-06-24,2026-06-24,,,,,11.0,0.09090909090909091,11.0,,True,bonus_parsed,NSE_corporates-corporateActions,,,,unmapped,2026-06-23,
