symbol,company_name,series,purpose,action_type,face_value,ex_date,record_date,book_closure_start,book_closure_end,payment_date,remarks,share_multiplier,price_multiplier,volume_multiplier,cash_dividend_per_share,auto_adjustable,parse_status,source
LITL,Lanco Infratech Limited,EQ,Fv Split Rs.10 To Re.1,split_or_consolidation,1.0,2010-01-04,2010-01-05,,,,,,,,,False,split_unparsed,NSE_corporates-corporateActions
WINSOMYARN,Winsome Yarns Limited,EQ,Fv Split Rs.10 To Re.1,split_or_consolidation,1.0,2010-01-21,2010-01-22,,,,,,,,,False,split_unparsed,NSE_corporates-corporateActions
BAJAJELEC,Bajaj Electricals Limited,EQ,Fv Split Rs.10 To Rs.2,split_or_consolidation,2.0,2010-01-28,2010-01-29,,,,,,,,,False,split_unparsed,NSE_corporates-corporateActions
CCCL,Consolidated Construction Consortium Limited,EQ,Fv Split Rs.10 To Rs.2,split_or_consolidation,2.0,2010-02-10,2010-02-11,,,,,,,,,False,split_unparsed,NSE_corporates-corporateActions
BRITANNIA,Britannia Industries Limited,EQ,Sch Of Agmt- Bonus Deb1:1,bonus,1.0,2010-03-08,2010-03-09,,,,,,,,,False,bonus_unparsed,NSE_corporates-corporateActions
MURLIIND,Murli Industries Limited,EQ,Fv Split Rs.10 To Rs.2,split_or_consolidation,2.0,2010-03-18,2010-03-19,,,,,,,,,False,split_unparsed,NSE_corporates-corporateActions
IPCALAB,IPCA Laboratories Limited,EQ,Fv Split Rs.10 To Rs.2,split_or_consolidation,1.0,2010-03-22,2010-03-23,,,,,,,,,False,split_unparsed,NSE_corporates-corporateActions
KMSUGAR,K.M.Sugar Mills Limited,EQ,Fv Split Rs.10 To Rs.2,split_or_consolidation,2.0,2010-03-26,2010-03-29,,,,,,,,,False,split_unparsed,NSE_corporates-corporateActions
M&M,Mahindra & Mahindra Limited,EQ,Fv Split Rs.10 To Rs.5,split_or_consolidation,5.0,2010-03-29,2010-03-30,,,,,,,,,False,split_unparsed,NSE_corporates-corporateActions
SEINVEST,S.E. Investments Limited,EQ,Fv Split Rs.10 To Rs.2,split_or_consolidation,1.0,2010-04-05,2010-04-06,,,,,,,,,False,split_unparsed,NSE_corporates-corporateActions
UNITY,Unity Infraprojects Limited,EQ,Fv Split Rs.10 To Rs.2,split_or_consolidation,2.0,2010-04-07,2010-04-08,,,,,,,,,False,split_unparsed,NSE_corporates-corporateActions
VIPUL,Vipul Limited,EQ,Fv Split Rs.2/- To Re.1/-,split_or_consolidation,1.0,2010-05-04,2010-05-05,,,,,,,,,False,split_unparsed,NSE_corporates-corporateActions
GUJNRECOKE,Gujarat NRE Coke Limited,EQ,Bonus 1 Dvr : 10 Eq Share,bonus,10.0,2010-05-06,2010-05-07,,,,,,,,,False,bonus_unparsed,NSE_corporates-corporateActions
KABRAEXTRU,Kabra Extrusion Technik Limited,EQ,Face Value Split From Rs.10/- To Rs.5/-,split_or_consolidation,5.0,2010-05-17,2010-05-18,,,,,,,,,False,split_unparsed,NSE_corporates-corporateActions
GENESYS,Genesys International Corporation Limited,EQ,Face Value Split From Rs.10/- To Rs.5/-,split_or_consolidation,5.0,2010-06-23,2010-06-24,,,,,,,,,False,split_unparsed,NSE_corporates-corporateActions
TATACONSUM,TATA CONSUMER PRODUCTS LIMITED,EQ,Face Value Split From Rs.10/- To Re.1/-,split_or_consolidation,1.0,2010-06-30,2010-07-02,,,,,,,,,False,split_unparsed,NSE_corporates-corporateActions
TULIP,Tulip Telecom Limited,EQ,Fv Split Rs.10/- To Rs.2/-,split_or_consolidation,2.0,2010-07-06,2010-07-07,,,,,,,,,False,split_unparsed,NSE_corporates-corporateActions
EMAMILTD,Emami Limited,EQ,Dividend Rs.6/- Per Share And Face Value Split From Rs.2/- To Re.1/-,split_or_consolidation,1.0,2010-07-21,,2010-07-23,2010-07-27,,,,,,,False,split_unparsed,NSE_corporates-corporateActions
PRATIBHA,Pratibha Industries Limited,EQ,Fv Split Rs.10/- To Rs.2/-,split_or_consolidation,2.0,2010-07-30,2010-08-02,,,,,,,,,False,split_unparsed,NSE_corporates-corporateActions
RAINBOWPAP,Rainbow Papers Limited,EQ,Face Value Split From Rs.10/- To Rs.2/-,split_or_consolidation,2.0,2010-08-11,2010-08-12,,,,,,,,,False,split_unparsed,NSE_corporates-corporateActions
JAYSREETEA,Jayshree Tea & Industries Limited,EQ,Face Value Split From Rs.10/- To Rs.5/-,split_or_consolidation,5.0,2010-08-13,2010-08-16,,,,,,,,,False,split_unparsed,NSE_corporates-corporateActions
POONAWALLA,Poonawalla Fincorp Limited,EQ,Face Value Split From Rs.10/- To Rs.2/-,split_or_consolidation,2.0,2010-08-13,2010-08-16,,,,,,,,,False,split_unparsed,NSE_corporates-corporateActions
HDFC,Housing Development Finance Corporation Limited,EQ,Face Value Split From Rs.10/- To Rs.2/-,split_or_consolidation,2.0,2010-08-18,2010-08-20,,,,,,,,,False,split_unparsed,NSE_corporates-corporateActions
REDINGTON,Redington Limited,EQ,Face Value Split From Rs.10/- To Rs.2/-,split_or_consolidation,2.0,2010-08-20,2010-08-23,,,,,,,,,False,split_unparsed,NSE_corporates-corporateActions
LUPIN,Lupin Limited,EQ,Face Value Split From Rs.10/- To Rs.2/-,split_or_consolidation,2.0,2010-08-27,2010-08-30,,,,,,,,,False,split_unparsed,NSE_corporates-corporateActions
INDIANHUME,Indian Hume Pipe Company Limited,EQ,Face Value Split From Rs.10/- To Rs.2/-,split_or_consolidation,2.0,2010-08-30,2010-08-31,,,,,,,,,False,split_unparsed,NSE_corporates-corporateActions
APOLLOHOSP,Apollo Hospitals Enterprise Limited,EQ,Face Value Split From Rs.10/- To Rs.5/-,split_or_consolidation,5.0,2010-09-02,2010-09-03,,,,,,,,,False,split_unparsed,NSE_corporates-corporateActions
KCP,KCP Limited,EQ,1st Interim Dividend Rs.2.50 Per Share And Face Value Split From Rs.10/- To Re.1/- (Purpose Revised),split_or_consolidation,1.0,2010-09-02,2010-09-03,,,,,,,,,False,split_unparsed,NSE_corporates-corporateActions
BRITANNIA,Britannia Industries Limited,EQ,Face Value Split From Rs.10/- To Rs.2/-,split_or_consolidation,1.0,2010-09-08,2010-09-09,,,,,,,,,False,split_unparsed,NSE_corporates-corporateActions
KPIL,Kalpataru Projects International Limited,EQ,Face Value Split From Rs.10/- To Rs.2/-,split_or_consolidation,2.0,2010-09-08,2010-09-09,,,,,,,,,False,split_unparsed,NSE_corporates-corporateActions
KOTAKBANK,Kotak Mahindra Bank Limited,EQ,Face Value Split From Rs.10/- To Rs.5/-,split_or_consolidation,1.0,2010-09-13,2010-09-14,,,,,,,,,False,split_unparsed,NSE_corporates-corporateActions
ASTRAL,Astral Limited,EQ,Face Value Split From Rs.10/- To Rs.5/-,split_or_consolidation,1.0,2010-09-15,2010-09-16,,,,,,,,,False,split_unparsed,NSE_corporates-corporateActions
TATASTLBSL,Tata Steel Bsl Limited,EQ,Annual General Meeting / Dividend Rs.2.50 Per Share And Face Value Split From Rs.10/- To Rs.2/-,split_or_consolidation,2.0,2010-09-21,,2010-09-23,2010-09-25,,,,,,,False,split_unparsed,NSE_corporates-corporateActions
ADANIPORTS,Adani Ports and Special Economic Zone Limited,EQ,Face Value Split From Rs.10/- To Rs.2/-,split_or_consolidation,2.0,2010-09-23,2010-09-24,,,,,,,,,False,split_unparsed,NSE_corporates-corporateActions
SOUTHBANK,The South Indian Bank Limited,EQ,Face Value Split From Rs.10/- To Re.1/-,split_or_consolidation,1.0,2010-09-23,2010-09-24,,,,,,,,,False,split_unparsed,NSE_corporates-corporateActions
NISSAN,Nissan Copper Limited,EQ,Face Value Split From Rs.10/- To Re.1/-,split_or_consolidation,1.0,2010-09-27,2010-09-28,,,,,,,,,False,split_unparsed,NSE_corporates-corporateActions
AQUA,Aqua Logistics Limited,EQ,Face Value Split From Rs.10/- To Re.1/-,split_or_consolidation,1.0,2010-10-01,2010-10-04,,,,,,,,,False,split_unparsed,NSE_corporates-corporateActions
PARSVNATH,Parsvnath Developers Limited,EQ,Face Value Split From Rs.10/- To Rs.5/-,split_or_consolidation,5.0,2010-10-18,2010-10-19,,,,,,,,,False,split_unparsed,NSE_corporates-corporateActions
SUPREMEIND,Supreme Industries Limited,EQ,Face Value Split From Rs.10/- To Rs.2/-,split_or_consolidation,2.0,2010-10-18,2010-10-19,,,,,,,,,False,split_unparsed,NSE_corporates-corporateActions
SEZALGLASS,Sezal Glass Limited,EQ,Face Value Split From Rs.10/- To Re.1/-,split_or_consolidation,1.0,2010-10-21,2010-10-22,,,,,,,,,False,split_unparsed,NSE_corporates-corporateActions
UNICHEMLAB,Unichem Laboratories Limited,EQ,Interim Dividend Rs.3/- Per Share And Face Value Split From Rs.5/- To Rs.2/- (Purpose Revised),split_or_consolidation,2.0,2010-10-21,2010-10-22,,,,,,,,,False,split_unparsed,NSE_corporates-corporateActions
GENUSPOWER,Genus Power Infrastructures Limited,EQ,Face Value Split From Rs.10/- To Re.1/-,split_or_consolidation,1.0,2010-10-22,2010-10-25,,,,,,,,,False,split_unparsed,NSE_corporates-corporateActions
SINTEX,Sintex Industries Limited,EQ,Face Value Split From Rs.2/- To Re.1/-,split_or_consolidation,1.0,2010-10-27,2010-10-28,,,,,,,,,False,split_unparsed,NSE_corporates-corporateActions
JISLJALEQS,Jain Irrigation Systems Limited,EQ,Face Value Split From Rs.10/- To Rs.2/-,split_or_consolidation,2.0,2010-10-29,2010-11-01,,,,,,,,,False,split_unparsed,NSE_corporates-corporateActions
PFOCUS,Prime Focus Limited,EQ,Face Value Split From Rs.10/- To Re.1/-,split_or_consolidation,1.0,2010-10-29,2010-11-01,,,,,,,,,False,split_unparsed,NSE_corporates-corporateActions
SEINVEST,S.E. Investments Limited,EQ,Face Value Split From Rs.2/- To Re.1/-,split_or_consolidation,1.0,2010-10-29,2010-11-01,,,,,,,,,False,split_unparsed,NSE_corporates-corporateActions
ARCHIES,Archies Limited,EQ,Face Value Split From Rs.10/- To Rs.2/-,split_or_consolidation,2.0,2010-11-02,2010-11-03,,,,,,,,,False,split_unparsed,NSE_corporates-corporateActions
NITINFIRE,Nitin Fire Protection Industries Limited,EQ,Face Value Split From Rs.10/- To Rs.2/-,split_or_consolidation,2.0,2010-11-04,2010-11-08,,,,,,,,,False,split_unparsed,NSE_corporates-corporateActions
ATLANTAA,ATLANTAA LIMITED,EQ,Face Value Split From Rs.10/- To Rs.2/-,split_or_consolidation,2.0,2010-11-08,2010-11-09,,,,,,,,,False,split_unparsed,NSE_corporates-corporateActions
HSCL,Himadri Speciality Chemical Limited,EQ,Face Value Split From Rs.10/- To Re.1/-,split_or_consolidation,1.0,2010-11-08,2010-11-09,,,,,,,,,False,split_unparsed,NSE_corporates-corporateActions
ORIENTHOT,Oriental Hotels Limited,EQ,Face Value Split From Rs.10/- To Re.1/-,split_or_consolidation,1.0,2010-11-10,2010-11-11,,,,,,,,,False,split_unparsed,NSE_corporates-corporateActions
SOMANYCERA,Somany Ceramics Limited,EQ,Face Value Split From Rs.10/- To Rs.2/-,split_or_consolidation,2.0,2010-11-11,2010-11-12,,,,,,,,,False,split_unparsed,NSE_corporates-corporateActions
MVL,MVL Limited,EQ,Face Value Split From Rs.2/- To Re.1/-,split_or_consolidation,1.0,2010-11-16,2010-11-18,,,,,,,,,False,split_unparsed,NSE_corporates-corporateActions
BALAMINES,Balaji Amines Limited,EQ,Face Value Split From Rs.10/- To Rs.2/-,split_or_consolidation,2.0,2010-11-18,2010-11-19,,,,,,,,,False,split_unparsed,NSE_corporates-corporateActions
GREAVESCOT,Greaves Cotton Limited,EQ,Interim Dividend Rs 2/- Per Share And Face Value Split From Rs 10/- To Rs 2/-,split_or_consolidation,2.0,2010-11-24,2010-11-25,,,,,,,,,False,split_unparsed,NSE_corporates-corporateActions
SUNPHARMA,Sun Pharmaceutical Industries Limited,EQ,Face Value Split From Rs.5/- To Re.1/-,split_or_consolidation,1.0,2010-11-25,2010-11-26,,,,,,,,,False,split_unparsed,NSE_corporates-corporateActions
SADBHAV,Sadbhav Engineering Limited,EQ,Face Value Split From Rs.10/- To Re.1/-,split_or_consolidation,1.0,2010-12-07,2010-12-08,,,,,,,,,False,split_unparsed,NSE_corporates-corporateActions
BALKRISIND,Balkrishna Industries Limited,EQ,Face Value Split From Rs.10/- To Rs.2/-,split_or_consolidation,2.0,2010-12-20,2010-12-21,,,,,,,,,False,split_unparsed,NSE_corporates-corporateActions
COROMANDEL,Coromandel International Limited,EQ,Face Value Split From Rs.2/- To Re.1/-,split_or_consolidation,1.0,2010-12-23,2010-12-24,,,,,,,,,False,split_unparsed,NSE_corporates-corporateActions
EIDPARRY,EID Parry India Limited,EQ,Face Value Split From Rs.2/- To Re.1/-,split_or_consolidation,1.0,2010-12-23,2010-12-24,,,,,,,,,False,split_unparsed,NSE_corporates-corporateActions
SURYAPHARM,Surya Pharmaceutical Limited,EQ,Face Value Split From Rs.10/- To Re.1/-,split_or_consolidation,1.0,2010-12-23,2010-12-24,,,,,,,,,False,split_unparsed,NSE_corporates-corporateActions
KEC,KEC International Limited,EQ,Face Value Split From Rs.10/- To Rs.2/-,split_or_consolidation,2.0,2010-12-30,2010-12-31,,,,,,,,,False,split_unparsed,NSE_corporates-corporateActions
LICHSGFIN,LIC Housing Finance Limited,EQ,Face Value Split From Rs.10/- To Rs.2/-,split_or_consolidation,2.0,2010-12-30,2010-12-31,,,,,,,,,False,split_unparsed,NSE_corporates-corporateActions
SUJANATOW,Sujana Tower Limited,EQ,Face Value Split From Rs.5/- To Re.1/-,split_or_consolidation,1.0,2011-01-10,2011-01-11,,,,,,,,,False,split_unparsed,NSE_corporates-corporateActions
SHOPERSTOP,Shoppers Stop Limited,EQ,Face Value Split From Rs.10/- To Rs.5/-,split_or_consolidation,5.0,2011-01-12,2011-01-13,,,,,,,,,False,split_unparsed,NSE_corporates-corporateActions
AUROPHARMA,Aurobindo Pharma Limited,EQ,Face Value Split From Rs.5/- To Re.1/-,split_or_consolidation,1.0,2011-02-10,2011-02-11,,,,,,,,,False,split_unparsed,NSE_corporates-corporateActions
GLODYNE,Glodyne Technoserve Limited,EQ,Face Value Split From Rs.10/- To Rs.6/-,split_or_consolidation,6.0,2011-02-10,2011-02-11,,,,,,,,,False,split_unparsed,NSE_corporates-corporateActions
HINDZINC,Hindustan Zinc Limited,EQ,Bonus - 1:1 And Face Value Split From Rs. 10 To Rs. 2,bonus,2.0,2011-03-07,2011-03-08,,,,,,,,,False,bonus_unparsed,NSE_corporates-corporateActions
DRREDDY,Dr. Reddy's Laboratories Limited,EQ,Scheme Of Arrangement - Bonus Debentures 6:1,bonus,1.0,2011-03-17,2011-03-18,,,,,,,,,False,bonus_unparsed,NSE_corporates-corporateActions
BAJAJCON,Bajaj Consumer Care Limited,EQ,Face Value Split From Rs.5/- To Re.1/-,split_or_consolidation,1.0,2011-05-05,2011-05-06,,,,,,,,,False,split_unparsed,NSE_corporates-corporateActions
MANAPPURAM,Manappuram Finance Limited,EQ,Bonus Shares In The Ratio Of 1:1,bonus,2.0,2011-06-09,2011-06-10,,,,,,,,,False,bonus_unparsed,NSE_corporates-corporateActions
RAIN,Rain Industries Limited,EQ,Face Value Split From Rs.10/- To Rs.2/-,split_or_consolidation,2.0,2011-06-15,2011-06-16,,,,,,,,,False,split_unparsed,NSE_corporates-corporateActions
COX&KINGS,Cox & Kings Limited,EQ,Face Value Split From Rs.10/- To Rs.5/-,split_or_consolidation,5.0,2011-06-21,2011-06-22,,,,,,,,,False,split_unparsed,NSE_corporates-corporateActions
HDFCBANK,HDFC Bank Limited,EQ,Face Value Split From Rs.10/- To Rs.2/-,split_or_consolidation,1.0,2011-07-14,2011-07-16,,,,,,,,,False,split_unparsed,NSE_corporates-corporateActions
RALLIS,Rallis India Limited,EQ,Face Value Split From Rs.10/- To Re.1/-,split_or_consolidation,1.0,2011-07-15,2011-07-18,,,,,,,,,False,split_unparsed,NSE_corporates-corporateActions
WABAG,VA Tech Wabag Limited,EQ,Face Value Split From Rs.5/- To Rs.2/-,split_or_consolidation,2.0,2011-08-16,2011-08-17,,,,,,,,,False,split_unparsed,NSE_corporates-corporateActions
PIIND,PI Industries Limited,EQ,Face Value Split From Rs.10/- To Rs.5/-,split_or_consolidation,1.0,2011-08-17,2011-08-19,,,,,,,,,False,split_unparsed,NSE_corporates-corporateActions
NELCAST,Nelcast Limited,EQ,Face Value Split From Rs 10 To Rs 2,split_or_consolidation,2.0,2011-09-06,2011-09-07,,,,,,,,,False,split_unparsed,NSE_corporates-corporateActions
TATAMTRDVR,Tata Motors Limited,EQ,Face Value Split From Rs.10/- To Rs.2/-,split_or_consolidation,2.0,2011-09-12,2011-09-13,,,,,,,,,False,split_unparsed,NSE_corporates-corporateActions
TMPV,Tata Motors Passenger Vehicles Limited,EQ,Face Value Split From Rs.10/- To Rs.2/-,split_or_consolidation,2.0,2011-09-12,2011-09-13,,,,,,,,,False,split_unparsed,NSE_corporates-corporateActions
TATAPOWER,Tata Power Company Limited,EQ,Face Value Split From Rs.10/- To Re.1/-,split_or_consolidation,1.0,2011-09-26,2011-09-27,,,,,,,,,False,split_unparsed,NSE_corporates-corporateActions
CRISIL,Crisil Limited,EQ,Face Value Split From Rs.10/- To Re.1/-,split_or_consolidation,1.0,2011-09-28,2011-09-30,,,,,,,,,False,split_unparsed,NSE_corporates-corporateActions
BHEL,Bharat Heavy Electricals Limited,EQ,Face Value Split From Rs.10/- To Rs.2/-,split_or_consolidation,2.0,2011-10-03,2011-10-04,,,,,,,,,False,split_unparsed,NSE_corporates-corporateActions
CARBORUNIV,Carborundum Universal Limited,EQ,Face Value Split From Rs.2/- To Re.1/-,split_or_consolidation,1.0,2011-10-05,2011-10-07,,,,,,,,,False,split_unparsed,NSE_corporates-corporateActions
VIPIND,VIP Industries Limited,EQ,Face Value Split From Rs.10/- To Rs.2/-,split_or_consolidation,2.0,2011-10-31,2011-11-01,,,,,,,,,False,split_unparsed,NSE_corporates-corporateActions
METKORE,Metkore Alloys & Industries Limited,EQ,Face Value Split From Rs.10/- To Rs.2/-,split_or_consolidation,2.0,2011-11-03,2011-11-04,,,,,,,,,False,split_unparsed,NSE_corporates-corporateActions
MUNJALAU,Munjal Auto Industries Limited,EQ,Face Value Split From Rs.10/- To Rs.2/-,split_or_consolidation,2.0,2011-12-29,2011-12-30,,,,,,,,,False,split_unparsed,NSE_corporates-corporateActions
SYMPHONY,Symphony Limited,EQ,Face Value Split Rs.10/- To Rs.2/-,split_or_consolidation,2.0,2012-02-15,2012-02-17,,,,,,,,,False,split_unparsed,NSE_corporates-corporateActions
PLASTIBLEN,Plastiblends India Limited,EQ,Face Value Split From Rs.10/- To Rs.5/-,split_or_consolidation,5.0,2012-02-29,2012-03-01,,,,,,,,,False,split_unparsed,NSE_corporates-corporateActions
INVENTURE,Inventure Growth & Securities Limited,EQ,Bonus - 3:1,bonus,1.0,2012-05-22,2012-05-23,,,,,,,,,False,bonus_unparsed,NSE_corporates-corporateActions
GRAVITA,Gravita India Limited,EQ,Face Value Split From Rs.10/- To Rs.2/-,split_or_consolidation,2.0,2012-05-25,2012-05-28,,,,,,,,,False,split_unparsed,NSE_corporates-corporateActions
AVTNPL,AVT Natural Products Limited,EQ,Face Value Split From Rs 10 To Re 1,split_or_consolidation,1.0,2012-06-07,2012-06-08,,,,,,,,,False,split_unparsed,NSE_corporates-corporateActions
ZYLOG,Zylog Systems Limited,EQ,Face Value Split From Rs 10 To Rs 5,split_or_consolidation,5.0,2012-06-29,2012-07-03,,,,,,,,,False,split_unparsed,NSE_corporates-corporateActions
COROMANDEL,Coromandel International Limited,EQ,Annual General Meeting/Dividend Rs.3/- Per Share/Scheme Of Arrangement - Bonus Debentures 1:1 (Purpose Revised),bonus,1.0,2012-07-13,,2012-07-17,2012-07-23,,,,,,,False,bonus_unparsed,NSE_corporates-corporateActions
GRUH,Gruh Finance Limited,EQ,Face Value Split From Rs 10 To Rs 2,split_or_consolidation,2.0,2012-07-24,2012-07-25,,,,,,,,,False,split_unparsed,NSE_corporates-corporateActions
AJANTPHARM,Ajanta Pharma Limited,EQ,Face Value Split From Rs. 10/- To Rs. 5/-,split_or_consolidation,2.0,2012-08-09,2012-08-10,,,,,,,,,False,split_unparsed,NSE_corporates-corporateActions
VTMLTD,VTM Limited,EQ,Face Value Split From  Rs.10/- To Re.1/-,split_or_consolidation,1.0,2012-08-16,2012-08-17,,,,,,,,,False,split_unparsed,NSE_corporates-corporateActions
GSFC,Gujarat State Fertilizers & Chemicals Limited,EQ,Face Value Split From Rs 10 To Rs 2,split_or_consolidation,2.0,2012-09-20,2012-09-22,,,,,,,,,False,split_unparsed,NSE_corporates-corporateActions
ARE&M,Amara Raja Energy & Mobility Limited,EQ,Face Value Split From Rs.2/- To Re.1/-,split_or_consolidation,1.0,2012-09-25,2012-09-26,,,,,,,,,False,split_unparsed,NSE_corporates-corporateActions
AMRUTANJAN,Amrutanjan Health Care Limited,EQ,Face Value  Split From Rs. 10 To Rs. 2/-,split_or_consolidation,1.0,2012-10-25,2012-10-29,,,,,,,,,False,split_unparsed,NSE_corporates-corporateActions
GOENKA,Goenka Diamond and Jewels Limited,EQ,Face Value Split From Rs.10/- To Re.1/-,split_or_consolidation,1.0,2012-10-25,2012-10-29,,,,,,,,,False,split_unparsed,NSE_corporates-corporateActions
ORISSAMINE,The Orissa Minerals Development Company Limited,EQ,Face Value Split From Rs.10/- To Re.1/-,split_or_consolidation,1.0,2012-10-29,2012-10-30,,,,,,,,,False,split_unparsed,NSE_corporates-corporateActions
BOMDYEING,Bombay Dyeing & Mfg Company Limited,EQ,Face Value Split From Rs.10/- To Rs.2/-,split_or_consolidation,2.0,2012-10-30,2012-10-31,,,,,,,,,False,split_unparsed,NSE_corporates-corporateActions
KANANIIND,Kanani Industries Limited,EQ,Face Value Split From Rs.5/- To Re.1/-,split_or_consolidation,1.0,2012-11-01,2012-11-02,,,,,,,,,False,split_unparsed,NSE_corporates-corporateActions
BBTC,The Bombay Burmah Trading Corporation Limited,EQ,Face Value Split From Rs 10 To Rs 2,split_or_consolidation,2.0,2012-11-08,2012-11-09,,,,,,,,,False,split_unparsed,NSE_corporates-corporateActions
RUBYMILLS,The Ruby Mills Limited,EQ,Face Value Split From Rs 10 To Rs 5,split_or_consolidation,5.0,2012-11-22,2012-11-23,,,,,,,,,False,split_unparsed,NSE_corporates-corporateActions
SHALPAINTS,Shalimar Paints Limited,EQ,Face Value Split From Rs 10 To Rs 2,split_or_consolidation,2.0,2012-11-22,2012-11-23,,,,,,,,,False,split_unparsed,NSE_corporates-corporateActions
SETUINFRA,Setubandhan Infrastructure Limited,EQ,Face Value Split From Rs 10 To Re 1,split_or_consolidation,1.0,2012-12-13,2012-12-14,,,,,,,,,False,split_unparsed,NSE_corporates-corporateActions
UJAAS,Ujaas Energy Limited,EQ,Face Value Split From Rs 10 To Re 1,split_or_consolidation,1.0,2012-12-21,2012-12-24,,,,,,,,,False,split_unparsed,NSE_corporates-corporateActions
VISESHINFO,Visesh Infotecnics Limited,EQ,Face Value Split From Rs 10 To Re 1,split_or_consolidation,1.0,2013-01-03,2013-01-04,,,,,,,,,False,split_unparsed,NSE_corporates-corporateActions
20MICRONS,20 Microns Limited,EQ,Face Value Split Rs 10 To Rs 5,split_or_consolidation,5.0,2013-01-28,2013-01-29,,,,,,,,,False,split_unparsed,NSE_corporates-corporateActions
M&MFIN,Mahindra & Mahindra Financial Services Limited,EQ,Face Value Split Rs 10 To Rs 2,split_or_consolidation,2.0,2013-02-15,2013-02-18,,,,,,,,,False,split_unparsed,NSE_corporates-corporateActions
VKSPL,VKS Projects Limited,EQ,Face Value Split From Rs 10 To Re 1,split_or_consolidation,1.0,2013-02-27,2013-02-28,,,,,,,,,False,split_unparsed,NSE_corporates-corporateActions
RAJRAYON,Raj Rayon Industries Limited,EQ,Face Value Split From Rs 10 To Re 1,split_or_consolidation,1.0,2013-03-04,2013-03-05,,,,,,,,,False,split_unparsed,NSE_corporates-corporateActions
BILENERGY,Bil Energy Systems Limited,EQ,Face Value Split From Rs.10/- To Re. 1/-,split_or_consolidation,1.0,2013-03-26,2013-03-28,,,,,,,,,False,split_unparsed,NSE_corporates-corporateActions
SHEKHAWATI,Shekhawati Industries Limited,EQ,Face Value Split From Rs.10 To Re.1,split_or_consolidation,10.0,2013-04-10,2013-04-12,,,,,,,,,False,split_unparsed,NSE_corporates-corporateActions
ADVANTA,Advanta Limited,EQ,Face Value Split From Rs.10/- To Rs.2/-,split_or_consolidation,2.0,2013-07-05,2013-07-08,,,,,,,,,False,split_unparsed,NSE_corporates-corporateActions
ASIANPAINT,Asian Paints Limited,EQ,Face Value Split Rs 10 To Re 1,split_or_consolidation,1.0,2013-07-30,2013-07-31,,,,,,,,,False,split_unparsed,NSE_corporates-corporateActions
APCOTEXIND,Apcotex Industries Limited,EQ,Face Value Split From Rs.10/- To Rs.5/-,split_or_consolidation,2.0,2013-08-14,2013-08-17,,,,,,,,,False,split_unparsed,NSE_corporates-corporateActions
ASTRAL,Astral Limited,EQ,Face Value Split From Rs.5/- To Rs.2/-,split_or_consolidation,1.0,2013-09-05,2013-09-09,,,,,,,,,False,split_unparsed,NSE_corporates-corporateActions
MAYURUNIQ,Mayur Uniquoters Ltd,EQ,Face Value Split From Rs.10/- To Rs.5/-,split_or_consolidation,5.0,2013-09-25,2013-09-26,,,,,,,,,False,split_unparsed,NSE_corporates-corporateActions
FEDERALBNK,The Federal Bank  Limited,EQ,Face Value Split From Rs.10/- To Rs.2/-,split_or_consolidation,2.0,2013-10-17,2013-10-18,,,,,,,,,False,split_unparsed,NSE_corporates-corporateActions
ASHIANA,Ashiana Housing Limited,EQ,Face Value Split From Rs.10/- To Rs.2/-,split_or_consolidation,2.0,2013-10-24,2013-10-25,,,,,,,,,False,split_unparsed,NSE_corporates-corporateActions
GODREJPROP,Godrej Properties Limited,EQ,Face Value Split From Rs.10/- To Rs.5/-,split_or_consolidation,5.0,2013-11-21,2013-11-22,,,,,,,,,False,split_unparsed,NSE_corporates-corporateActions
RELAXO,Relaxo Footwears Limited,EQ,Face Value Split From Rs.5/- To Re.1/-,split_or_consolidation,1.0,2013-11-22,2013-11-25,,,,,,,,,False,split_unparsed,NSE_corporates-corporateActions
BSLIMITED,BS Limited,EQ,Face Value Split From Rs 10/- To Re 1/-,split_or_consolidation,1.0,2014-01-21,2014-01-22,,,,,,,,,False,split_unparsed,NSE_corporates-corporateActions
KSCL,Kaveri Seed Company Limited,EQ,Face Value Split From Rs 10/- To Rs 2/-,split_or_consolidation,2.0,2014-01-27,2014-01-28,,,,,,,,,False,split_unparsed,NSE_corporates-corporateActions
SWANCORP,SWAN CORP LIMITED,EQ,Face Value Split From Rs 2/- To Re 1/-,split_or_consolidation,1.0,2014-02-03,2014-02-04,,,,,,,,,False,split_unparsed,NSE_corporates-corporateActions
RSYSTEMS,R Systems International Limited,EQ,Face Value Split From Rs 10/- To Re 1/- Per Share,split_or_consolidation,1.0,2014-02-26,2014-02-28,,,,,,,,,False,split_unparsed,NSE_corporates-corporateActions
ZEEL,Zee Entertainment Enterprises Limited,EQ,Bonus Preference Shares 21:1,bonus,1.0,2014-03-03,2014-03-04,,,,,,,,,False,bonus_unparsed,NSE_corporates-corporateActions
VIKASECO,Vikas EcoTech Limited,EQ,Face Value Split From Rs 10/- To Re 1/-,split_or_consolidation,1.0,2014-03-27,2014-03-30,,,,,,,,,False,split_unparsed,NSE_corporates-corporateActions
GRUH,Gruh Finance Limited,EQ,Bonus Issue 1 : 1,bonus,2.0,2014-06-09,2014-06-10,,,,,,,,,False,bonus_unparsed,NSE_corporates-corporateActions
AXISBANK,Axis Bank Limited,EQ,Face Value Split From Rs 10/- To Rs 2/- Per Share,split_or_consolidation,2.0,2014-07-28,2014-07-30,,,,,,,,,False,split_unparsed,NSE_corporates-corporateActions
PANAMAPET,Panama Petrochem Limited,EQ,Face Value Split From Rs.10/- To Rs.2/-,split_or_consolidation,2.0,2014-09-19,2014-09-22,,,,,,,,,False,split_unparsed,NSE_corporates-corporateActions
SOUISPAT,Southern Ispat And Energy Limited,EQ,Annual General Meeting And Face Value Split From Rs.10/- To Re.1/-,split_or_consolidation,1.0,2014-09-22,,2014-09-24,2014-09-30,,,,,,,False,split_unparsed,NSE_corporates-corporateActions
SHIVAMAUTO,Shivam Autotech Limited,EQ,Face Value Split From Rs.10/- To Rs.2/-,split_or_consolidation,2.0,2014-10-30,2014-10-31,,,,,,,,,False,split_unparsed,NSE_corporates-corporateActions
BLUEDART,Blue Dart Express Limited,EQ,Scheme Of Arrangement - Issue Of Bonus Debentures,bonus,10.0,2014-11-17,2014-11-18,,,,,,,,,False,bonus_unparsed,NSE_corporates-corporateActions
SBIN,State Bank of India,EQ,Face Value Split Rs.10/- To Re.1/- Per Share,split_or_consolidation,1.0,2014-11-20,2014-11-21,,,,,,,,,False,split_unparsed,NSE_corporates-corporateActions
CORPBANK,Corporation Bank,EQ,Face Valus Split (Sub-Division) - From Rs 10/- Per To Rs 2/- Per Share,split_or_consolidation,2.0,2015-01-22,2015-01-23,,,,,,,,,False,split_unparsed,NSE_corporates-corporateActions
NTPC,NTPC Limited,EQ,Scheme Of Arrangement - Bonus Debentures 1:1,bonus,10.0,2015-03-20,2015-03-23,,,,,,,,,False,bonus_unparsed,NSE_corporates-corporateActions
GRANULES,Granules India Limited,EQ,Face Value Split Rs 10 To Rs 1,split_or_consolidation,1.0,2015-03-23,2015-03-24,,,,,,,,,False,split_unparsed,NSE_corporates-corporateActions
MOTHERSON,Samvardhana Motherson International Limited,EQ,Annual General Meeting / Dividend - Rs 3/- Per Share / Bonus - 1:2,bonus,1.0,2015-07-23,,2015-07-25,2015-07-25,,,,,,,False,bonus_unparsed,NSE_corporates-corporateActions
AEGISLOG,Aegis Logistics Limited,EQ,Face Value Split From Rs 10 To Rs 1,split_or_consolidation,1.0,2015-09-16,2015-09-18,,,,,,,,,False,split_unparsed,NSE_corporates-corporateActions
LAMBODHARA,Lambodhara Textiles Limited,EQ,Face Value Split From Rs 10 To Rs 5,split_or_consolidation,5.0,2015-10-15,2015-10-16,,,,,,,,,False,split_unparsed,NSE_corporates-corporateActions
SARLAPOLY,Sarla Performance Fibers Limited,EQ,Face Value Split From Rs 10 To Re 1 (Record Date Revised),split_or_consolidation,1.0,2015-10-29,2015-10-30,,,,,,,,,False,split_unparsed,NSE_corporates-corporateActions
LUXIND,Lux Industries Limited,EQ,Face Value Split From Rs 10 To Rs 2,split_or_consolidation,2.0,2016-06-06,2016-06-07,,,,,,,,,False,split_unparsed,NSE_corporates-corporateActions
PNCINFRA,PNC Infratech Limited,EQ,Face Value Split From Rs 10 To Rs 2,split_or_consolidation,2.0,2016-08-12,2016-08-16,,,,,,,,,False,split_unparsed,NSE_corporates-corporateActions
VGUARD,V-Guard Industries Limited,EQ,Face Value Split From Rs 10 To Re 1,split_or_consolidation,1.0,2016-08-30,2016-08-31,,,,,,,,,False,split_unparsed,NSE_corporates-corporateActions
TRENT,Trent Limited,EQ,Face Value Split From Rs 10 To Re 1,split_or_consolidation,1.0,2016-09-12,2016-09-14,,,,,,,,,False,split_unparsed,NSE_corporates-corporateActions
UNOMINDA,UNO Minda Limited,EQ,Face Value Split From Rs 10 To Rs 2,split_or_consolidation,2.0,2016-09-12,2016-09-14,,,,,,,,,False,split_unparsed,NSE_corporates-corporateActions
JMTAUTOLTD,JMT Auto Limited,EQ,Face Value Split From Rs 2 To Re 1,split_or_consolidation,1.0,2016-09-21,2016-09-22,,,,,,,,,False,split_unparsed,NSE_corporates-corporateActions
KAJARIACER,Kajaria Ceramics Limited,EQ,Face Value Split From Rs 2 To Re 1,split_or_consolidation,1.0,2016-10-04,2016-10-05,,,,,,,,,False,split_unparsed,NSE_corporates-corporateActions
GRASIM,Grasim Industries Limited,EQ,Face Value Split From Rs 10 To Re 2,split_or_consolidation,2.0,2016-10-06,2016-10-08,,,,,,,,,False,split_unparsed,NSE_corporates-corporateActions
SHAH,Shah Metacorp Limited,EQ,Face Value Split From Rs 10 To Re 1,split_or_consolidation,1.0,2016-10-13,2016-10-14,,,,,,,,,False,split_unparsed,NSE_corporates-corporateActions
MONNETISPA,Monnet Ispat and Energy Limited,EQ,Capital Reduction Rs 10 To Rs 3.30 / Consolidation Rs 3.30 To Rs.10,split_or_consolidation,10.0,2018-08-29,2018-08-30,,,,,,,,,False,split_unparsed,NSE_corporates-corporateActions
BRITANNIA,Britannia Industries Limited,EQ,Scheme Of Arangement- Bonus - 1 Debenture For 1 Equity Share Held,bonus,1.0,2019-08-22,2019-08-23,,,,,,,,,False,bonus_unparsed,NSE_corporates-corporateActions
BRITANNIA,Britannia Industries Limited,EQ,Scheme Of Arangement- Bonus - 1 Debenture For 1 Equity Share Held,bonus,1.0,2021-05-25,2021-05-27,,,,,,,,,False,bonus_unparsed,NSE_corporates-corporateActions
AJANTPHARM,Ajanta Pharma Limited,EQ,Bonus- 1:2,bonus,2.0,2022-06-22,2022-06-23,,,,,,,,,False,bonus_unparsed,NSE_corporates-corporateActions
RADIOCITY,Music Broadcast Limited,EQ,Scheme Of Arrangement - Bonus Ncrps 1:10,bonus,2.0,2023-01-13,2023-01-13,,,,,,,,,False,bonus_unparsed,NSE_corporates-corporateActions
TVSHLTD,TVS Holdings Limited,EQ,Bonus Ncrps 1:116,bonus,5.0,2023-03-24,2023-03-24,,,,,,,,,False,bonus_unparsed,NSE_corporates-corporateActions
TVSMOTOR,TVS Motor Company Limited,EQ,Scheme Of Arrangement - Bonus Ncrps 4:1,bonus,1.0,2025-08-25,2025-08-25,,,,,,,,,False,bonus_unparsed,NSE_corporates-corporateActions
SIYSIL,Siyaram Silk Mills Limited,EQ,Scheme Of Arrangement - Bonus Ncrps 3:1,bonus,2.0,2026-08-21,2026-08-22,,,,,,,,,False,bonus_unparsed,NSE_corporates-corporateActions
SIYSIL,Siyaram Silk Mills Limited,EQ,Scheme Of Arrangement - Bonus Ncrps 4:1,bonus,2.0,2026-08-21,2026-08-22,,,,,,,,,False,bonus_unparsed,NSE_corporates-corporateActions
TVSHLTD,TVS Holdings Limited,EQ,Scheme Of Arrangement - Bonus Ncrps 46:1,bonus,5.0,2026-09-08,2026-09-08,,,,,,,,,False,bonus_unparsed,NSE_corporates-corporateActions
