year,eligible_rows,eligible_securities,eligible_dates,median_daily_turnover
2010,80075,838,132,39069704.7
2011,111823,742,247,41912984.5
2012,109003,730,247,45630865.05
2013,96216,663,248,44325513.875
2014,141598,908,243,41869750.225
2015,159920,987,247,37631487.150000006
2016,174614,1103,246,33886352.05
2017,209014,1207,248,42379448.575
2018,199725,1206,246,42013172.85
2019,157080,915,244,43469074.375
2020,182555,1026,250,59203027.2
2021,246948,1365,248,74162543.75
2022,270035,1505,248,60259312.95
2023,288176,1545,245,79394378.30000001
2024,328246,1750,246,115872351.0
2025,326932,1741,248,100217824.345
2026,257512,1756,183,113364657.08500001
