episode_id,symbol,series,episode_start,episode_end,episode_days,episode_rows,unresolved_rows,unresolved_start,unresolved_end,explicit_isin_rows,resolved_isin_rows,known_isins,resolved_isins,known_isin_count,multiple_isins,unresolved_methods,identity_risk,ambiguous_change_rows,no_anchor_rows,anchor_transition_pairs,first_explicit_isin_date,last_explicit_isin_date,market_rows_found,market_rows_missing,unresolved_total_turnover,unresolved_mean_daily_turnover,unresolved_median_daily_turnover,unresolved_max_daily_turnover,unresolved_total_volume,unresolved_median_volume,unresolved_median_close,unresolved_min_close,unresolved_max_close,unresolved_zero_volume_days,unresolved_active_days,turnover_share,cumulative_turnover_share,economic_relevance_band,review_priority
NSELINEAGE:e2a3b3c9189558b5,RNRL,EQ,2010-01-04,2010-11-09,310,215,215,2010-01-04,2010-11-09,0,0,,,0,False,unresolved_no_anchor,no_anchor,0,215,<NONE>-><NONE>,,,215,0,165744621433.45,770905215.969535,326056504.85,15715789787.75,2843412030.0,5785444.0,52.15,37.05,75.25,0,215,0.26968221965904826,0.26968221965904826,A_top_80pct,P1_economic_relevance
NSELINEAGE:d71b824d05d48e09,NAGARCONST,EQ,2010-01-04,2011-03-14,435,300,300,2010-01-04,2011-03-14,0,0,,,0,False,unresolved_no_anchor,no_anchor,0,300,<NONE>-><NONE>,,,300,0,46202691189.1,154008970.63033333,130260360.15,597037182.7,302427862.0,842180.5,158.875,89.85,193.4,0,300,0.07517616080894071,0.344858380467989,A_top_80pct,P1_economic_relevance
NSELINEAGE:14216a73eef93818,MAYTASINFR,EQ,2010-01-04,2011-02-07,400,276,276,2010-01-04,2011-02-07,0,0,,,0,False,unresolved_no_anchor,no_anchor,0,276,<NONE>-><NONE>,,,276,0,37158893651.2,134633672.64927536,71250488.67500001,1271173182.45,187362529.0,367364.0,195.475,151.35,235.6,0,276,0.06046104442643294,0.40531942489442196,A_top_80pct,P1_economic_relevance
NSELINEAGE:306391494a53cc8c,WELGUJ,EQ,2010-01-04,2010-05-14,131,89,89,2010-01-04,2010-05-14,0,0,,,0,False,unresolved_no_anchor,no_anchor,0,89,<NONE>-><NONE>,,,89,0,32628668732.2,366614255.4179775,266378603.5,4033911729.55,121578552.0,984467.0,267.65,232.0,292.85,0,89,0.05308993879932698,0.45840936369374896,A_top_80pct,P1_economic_relevance
NSELINEAGE:3a3b990435237de2,BANKRAJAS,EQ,2010-01-04,2010-08-23,232,160,160,2010-01-04,2010-08-23,0,0,,,0,False,unresolved_no_anchor,no_anchor,0,160,<NONE>-><NONE>,,,160,0,26684386610.100002,166777416.313125,68593924.925,2305900263.75,225058552.0,563539.5,78.875,54.5,212.6,0,160,0.04341802798193017,0.5018273916756791,A_top_80pct,P1_economic_relevance
NSELINEAGE:a9f05c0b4b625f26,MSKPROJ,EQ,2010-01-04,2011-01-03,365,252,252,2010-01-04,2011-01-03,0,0,,,0,False,unresolved_no_anchor,no_anchor,0,252,<NONE>-><NONE>,,,252,0,21918770380.85,86979247.54305555,23604234.5,2095946990.5,140436239.0,164717.0,157.95,77.7,193.65,0,252,0.03566391836659426,0.5374913100422734,A_top_80pct,P1_economic_relevance
NSELINEAGE:6ee89ee95e78d210,VATECH,EQ,2010-10-13,2010-12-14,63,44,44,2010-10-13,2010-12-14,0,0,,,0,False,unresolved_no_anchor,no_anchor,0,44,<NONE>-><NONE>,,,44,0,21132294915.449997,480279429.8965908,58422911.375,16036299619.0,12315977.0,35873.5,1657.65,1493.1,1714.95,0,44,0.0343842481885691,0.5718755582308425,A_top_80pct,P1_economic_relevance
NSELINEAGE:1da543aa7ce60615,SREINTFIN,EQ,2010-01-04,2010-07-20,198,136,136,2010-01-04,2010-07-20,0,0,,,0,False,unresolved_no_anchor,no_anchor,0,136,<NONE>-><NONE>,,,136,0,20633078417.75,151713811.89522058,113495507.75,776365508.35,262910127.0,1467758.5,80.125,60.8,91.3,0,136,0.033571975597001424,0.6054475338278439,A_top_80pct,P1_economic_relevance
NSELINEAGE:3c405336b54575b9,TV-18,EQ,2010-01-04,2011-06-20,533,367,367,2010-01-04,2011-06-20,0,0,,,0,False,unresolved_no_anchor,no_anchor,0,367,<NONE>-><NONE>,,,367,0,20160896462.15,54934322.785149865,32353156.55,791018002.15,243431201.0,412245.0,78.85,62.05,97.65,0,367,0.03280369076960939,0.6382512245974533,A_top_80pct,P1_economic_relevance
NSELINEAGE:78a9a82f402e5c08,ESSARSHIP,EQ,2010-01-04,2011-05-17,499,270,270,2010-01-04,2011-05-17,0,0,,,0,False,unresolved_no_anchor,no_anchor,0,270,<NONE>-><NONE>,,,270,0,19860634067.25,73557903.95277777,15921574.475000001,2656739842.75,195833196.0,185842.0,87.30000000000001,64.55,129.8,0,270,0.032315135373745224,0.6705663599711985,A_top_80pct,P1_economic_relevance
NSELINEAGE:4076d2f831561f2c,OBEROIREAL,EQ,2010-10-20,2010-12-09,51,36,36,2010-10-20,2010-12-09,0,0,,,0,False,unresolved_no_anchor,no_anchor,0,36,<NONE>-><NONE>,,,36,0,18367256974.25,510201582.6180556,61317205.425,11927937922.3,63896880.0,217794.5,276.85,262.35,302.15,0,36,0.02988526919923455,0.700451629170433,A_top_80pct,P1_economic_relevance
NSELINEAGE:60a72131a4ed0e2d,TATATEA,EQ,2010-01-04,2010-07-20,198,136,136,2010-01-04,2010-07-20,0,0,,,0,False,unresolved_no_anchor,no_anchor,0,136,<NONE>-><NONE>,,,136,0,16516960184.55,121448236.65110293,80004430.225,941137027.25,28493974.0,86974.0,990.275,115.65,1199.65,0,136,0.026874660824985356,0.7273262899954184,A_top_80pct,P1_economic_relevance
NSELINEAGE:5255801cc47418c7,KIRIDYES,EQ,2010-01-04,2011-03-25,446,309,309,2010-01-04,2011-03-25,0,0,,,0,False,unresolved_no_anchor,no_anchor,0,309,<NONE>-><NONE>,,,309,0,14802170297.150002,47903463.74482201,18702970.4,833342763.35,27891030.0,39358.0,579.85,276.95,841.65,0,309,0.024084535033370432,0.7514108250287888,A_top_80pct,P1_economic_relevance
NSELINEAGE:c05597c0051f56b4,ILFSTRANS,EQ,2010-03-30,2010-04-15,17,11,11,2010-03-30,2010-04-15,0,0,,,0,False,unresolved_no_anchor,no_anchor,0,11,<NONE>-><NONE>,,,11,0,11525438009.150002,1047767091.7409092,370291192.7,7449130116.6,41008743.0,1346765.0,278.45,273.7,292.05,0,11,0.018752980808480386,0.7701638058372692,A_top_80pct,P1_economic_relevance
NSELINEAGE:ad6d22a8ad61348a,HIMACHLFUT,EQ,2010-01-04,2010-12-02,333,155,155,2010-01-04,2010-12-02,0,0,,,0,False,unresolved_no_anchor,no_anchor,0,155,<NONE>-><NONE>,,,155,0,10843405348.400002,69957453.86064517,19287613.7,865410230.2,787146336.0,1740702.0,11.3,10.0,17.2,0,155,0.017643248979837732,0.7878070548171069,A_top_80pct,P1_economic_relevance
NSELINEAGE:6c08b630c93cf35f,BAJAUTOFIN,EQ,2010-01-04,2010-09-28,268,185,185,2010-01-04,2010-09-28,0,0,,,0,False,unresolved_no_anchor,no_anchor,0,185,<NONE>-><NONE>,,,185,0,8488597300.45,45884309.73216216,15508528.15,1472696722.35,14969343.0,35187.0,460.55,285.15,798.85,0,185,0.013811752936407249,0.8016188077535141,A_top_80pct,P1_economic_relevance
NSELINEAGE:aaf25c9d5f34044e,ZANDUPHARM,EQ,2010-01-04,2010-03-09,65,44,44,2010-01-04,2010-03-09,0,0,,,0,False,unresolved_no_anchor,no_anchor,0,44,<NONE>-><NONE>,,,44,0,8319220327.45,189073189.26022726,83437474.225,1146161063.65,1674461.0,17521.5,4587.95,4079.3,5857.55,0,44,0.013536160536227243,0.8151549682897413,B_next_15pct,P2
NSELINEAGE:408706d57c639b8a,HINDMOTOR,EQ,2010-02-19,2011-01-25,341,236,236,2010-02-19,2011-01-25,0,0,,,0,False,unresolved_no_anchor,no_anchor,0,236,<NONE>-><NONE>,,,236,0,7450033380.75,31567938.054025423,14938933.125,438932438.75,293318592.0,606805.0,24.25,18.15,28.7,0,236,0.012121910933087964,0.8272768792228293,B_next_15pct,P2
NSELINEAGE:ed88e35ce773d7d7,NEHAINT,EQ,2010-08-09,2010-11-25,109,77,77,2010-08-09,2010-11-25,0,0,,,0,False,unresolved_no_anchor,no_anchor,0,77,<NONE>-><NONE>,,,77,0,7158662661.400002,92969644.95324677,11316133.3,1210122179.5,33155582.0,81188.0,152.0,138.6,264.4,0,77,0.011647823136703503,0.8389247023595329,B_next_15pct,P2
NSELINEAGE:1b80f05e2134224d,NIRMA,EQ,2010-01-04,2011-03-23,444,307,307,2010-01-04,2011-03-23,0,0,,,0,False,unresolved_no_anchor,no_anchor,0,307,<NONE>-><NONE>,,,307,0,7099370481.450001,23124985.281596094,7866992.4,769862993.7,32219295.0,38232.0,209.7,161.8,255.65,0,307,0.01155134913616551,0.8504760514956984,B_next_15pct,P2
NSELINEAGE:b40083d9af51a6b6,ANSALINFRA,EQ,2010-01-04,2010-05-13,130,88,88,2010-01-04,2010-05-13,0,0,,,0,False,unresolved_no_anchor,no_anchor,0,88,<NONE>-><NONE>,,,88,0,6518494707.849999,74073803.49829544,52504406.075,400710705.8,82918671.0,676751.5,75.2,65.75,91.0,0,88,0.010606209157469343,0.8610822606531677,B_next_15pct,P2
NSELINEAGE:c250470adcb04431,KSERAPRO,EQ,2010-01-04,2011-03-04,425,218,218,2010-01-04,2011-03-04,0,0,,,0,False,unresolved_no_anchor,no_anchor,0,218,<NONE>-><NONE>,,,218,0,5535066601.35,25390213.76766055,13224954.725000001,223627935.0,417703615.0,1103792.5,11.9,11.0,18.1,0,218,0.0090060783517617,0.8700883390049294,B_next_15pct,P2
NSELINEAGE:a21af4a2b3f09d51,CRANESSOFT,EQ,2010-01-04,2010-09-02,242,168,168,2010-01-04,2010-09-02,0,0,,,0,False,unresolved_no_anchor,no_anchor,0,168,<NONE>-><NONE>,,,168,0,4693526846.85,27937659.802678574,12160808.875,465689187.7,239700897.0,795206.0,14.850000000000001,6.95,31.3,0,168,0.0076368133526195404,0.877725152357549,B_next_15pct,P2
NSELINEAGE:6b3eb4442c055856,BINANICEM,EQ,2010-01-04,2011-05-20,502,346,346,2010-01-04,2011-05-20,0,0,,,0,False,unresolved_no_anchor,no_anchor,0,346,<NONE>-><NONE>,,,346,0,4677023852.7,13517409.978901733,4856040.324999999,345283209.0,54175312.0,59982.0,82.85,69.7,102.55,0,346,0.007609961415857422,0.8853351137734065,B_next_15pct,P2
NSELINEAGE:ec89db26f78b128d,DALMIACEM,EQ,2010-01-04,2010-09-23,263,182,182,2010-01-04,2010-09-23,0,0,,,0,False,unresolved_no_anchor,no_anchor,0,182,<NONE>-><NONE>,,,182,0,4671436069.5,25667231.1510989,11898348.25,314651635.5,21116632.0,50889.5,214.175,169.4,266.0,0,182,0.0076008695625995795,0.892935983336006,B_next_15pct,P2
NSELINEAGE:a724580da19f3f88,RMEDIA,EQ,2010-01-04,2010-02-18,46,32,32,2010-01-04,2010-02-18,0,0,,,0,False,unresolved_no_anchor,no_anchor,0,32,<NONE>-><NONE>,,,32,0,4603194515.5,143849828.609375,52384207.349999994,1001566613.75,50371718.0,601547.5,87.5,68.85,95.3,0,32,0.007489834081649796,0.9004258174176558,B_next_15pct,P2
NSELINEAGE:b459b76ba5e60993,SHASUNCHEM,EQ,2010-02-19,2011-01-27,343,237,237,2010-02-19,2011-01-27,0,0,,,0,False,unresolved_no_anchor,no_anchor,0,237,<NONE>-><NONE>,,,237,0,4081163367.25,17220098.59599156,9053728.5,326123417.4,55332223.0,121169.0,69.95,36.5,94.75,0,237,0.006640439889707654,0.9070662573073635,B_next_15pct,P2
NSELINEAGE:ccd3e60d3c5c6bb4,SAMRUDDHI,EQ,2010-06-29,2010-08-23,56,40,40,2010-06-29,2010-08-23,0,0,,,0,False,unresolved_no_anchor,no_anchor,0,40,<NONE>-><NONE>,,,40,0,4001306836.8499994,100032670.92124999,50798517.925,1049812113.55,8207097.0,105193.5,478.55,460.8,527.3,0,40,0.006510505740494917,0.9135767630478584,B_next_15pct,P2
NSELINEAGE:d241ebea49090307,CHOLADBS,EQ,2010-01-04,2010-06-21,169,115,115,2010-01-04,2010-06-21,0,0,,,0,False,unresolved_no_anchor,no_anchor,0,115,<NONE>-><NONE>,,,115,0,3823027339.2999997,33243715.99391304,12771878.1,554080441.95,33121737.0,126691.0,93.7,60.7,137.05,0,115,0.006220428088483214,0.9197971911363416,B_next_15pct,P2
NSELINEAGE:5504546b23299940,PIRLIFE,EQ,2010-01-04,2010-04-01,88,60,60,2010-01-04,2010-04-01,0,0,,,0,False,unresolved_no_anchor,no_anchor,0,60,<NONE>-><NONE>,,,60,0,2691237713.9,44853961.89833333,1144069.325,891868615.95,20827616.0,13989.5,82.075,76.15,146.95,0,60,0.004378899019695251,0.9241760901560369,B_next_15pct,P2
NSELINEAGE:bddd73fbb6a71642,AVAYAGCL,EQ,2010-01-04,2010-06-07,155,105,105,2010-01-04,2010-06-07,0,0,,,0,False,unresolved_no_anchor,no_anchor,0,105,<NONE>-><NONE>,,,105,0,2614503964.15,24900037.753809527,6904174.95,654858816.3,10005848.0,30563.0,233.45,190.0,298.95,0,105,0.004254045930790336,0.9284301360868272,B_next_15pct,P2
NSELINEAGE:d5dd865c62332e97,GARWOFFS,EQ,2010-01-04,2011-06-06,519,357,357,2010-01-04,2011-06-06,0,0,,,0,False,unresolved_no_anchor,no_anchor,0,357,<NONE>-><NONE>,,,357,0,2457615409.15,6884076.7763305325,1608119.7,148424732.9,14701760.0,11570.0,136.8,107.15,225.5,0,357,0.003998773371200889,0.9324289094580281,B_next_15pct,P2
NSELINEAGE:ae3e18585cd076d3,MID-DAY,EQ,2010-01-04,2011-06-14,527,353,353,2010-01-04,2011-06-14,0,0,,,0,False,unresolved_no_anchor,no_anchor,0,353,<NONE>-><NONE>,,,353,0,2244317988.2000003,6357841.3263456095,1942751.9,286963890.5,74911835.0,71634.0,30.1,5.4,42.05,0,353,0.003651718236428731,0.9360806276944569,B_next_15pct,P2
NSELINEAGE:f96705b19f7f1c17,ABSHEKINDS,EQ,2010-01-04,2011-05-02,484,259,259,2010-01-04,2011-05-02,0,0,,,0,False,unresolved_no_anchor,no_anchor,0,259,<NONE>-><NONE>,,,259,0,2144318349.9,8279221.428185329,2473187.35,155824767.05,119405960.0,154896.0,15.9,13.1,21.25,0,259,0.003489009340124218,0.9395696370345811,B_next_15pct,P2
NSELINEAGE:803fdf42a6a0df0c,JPHYDRO,EQ,2010-01-04,2010-01-07,4,4,4,2010-01-04,2010-01-07,0,0,,,0,False,unresolved_no_anchor,no_anchor,0,4,<NONE>-><NONE>,,,4,0,1863157807.3,465789451.825,478896080.45,765432695.55,23380347.0,6069867.5,79.15,75.4,83.15,0,4,0.0030315344697293715,0.9426011715043104,B_next_15pct,P2
NSELINEAGE:3eb3e68c7d0c25db,WINDSOR,EQ,2010-01-04,2011-06-15,528,346,346,2010-01-04,2011-06-15,0,0,,,0,False,unresolved_no_anchor,no_anchor,0,346,<NONE>-><NONE>,,,346,0,1810669150.55,5233147.833959538,1633361.75,138246454.2,26038710.0,25549.5,65.2,31.5,101.8,0,346,0.002946130446740031,0.9455473019510505,B_next_15pct,P2
NSELINEAGE:f282a3dff048c30a,SUBROS,EQ,2010-01-04,2010-11-22,323,223,223,2010-01-04,2010-11-22,0,0,,,0,False,unresolved_no_anchor,no_anchor,0,223,<NONE>-><NONE>,,,223,0,1716675540.1000001,7698096.592376682,4350522.5,123176718.7,35041912.0,90991.0,47.25,41.3,54.35,0,223,0.0027931939274086826,0.9483404958784593,B_next_15pct,P2
NSELINEAGE:970943f19dcc8f8c,NORTHGATE,EQ,2010-01-04,2010-12-02,333,231,231,2010-01-04,2010-12-02,0,0,,,0,False,unresolved_no_anchor,no_anchor,0,231,<NONE>-><NONE>,,,231,0,1654087436.1000001,7160551.671428572,2940469.5,87570120.05,73860613.0,161822.0,19.25,15.05,31.35,0,231,0.002691357145828723,0.9510318530242879,B_next_15pct,P2
NSELINEAGE:415e82e2c3b957cc,HORIZONINF,EQ,2010-01-04,2011-04-28,480,247,247,2010-01-04,2011-04-28,0,0,,,0,False,unresolved_no_anchor,no_anchor,0,247,<NONE>-><NONE>,,,247,0,1531748767.8,6201412.015384615,302562.05,438491714.15,4928484.0,1190.0,262.4,187.3,403.25,0,247,0.00249230052889637,0.9535241535531843,C_tail_5pct,P3
NSELINEAGE:6b582b0dce1308e7,SWARAJMAZD,EQ,2010-02-19,2011-01-14,330,229,229,2010-02-19,2011-01-14,0,0,,,0,False,unresolved_no_anchor,no_anchor,0,229,<NONE>-><NONE>,,,229,0,1494076133.1999998,6524349.926637554,1761001.25,190667910.7,4237953.0,5320.0,316.7,214.45,437.0,0,229,0.0024310035792188107,0.9559551571324031,C_tail_5pct,P3
NSELINEAGE:3f0ba8afd21a8b9f,SUBHASPROJ,EQ,2010-01-04,2010-05-13,130,88,88,2010-01-04,2010-05-13,0,0,,,0,False,unresolved_no_anchor,no_anchor,0,88,<NONE>-><NONE>,,,88,0,1466258044.3500001,16662023.231250001,7380332.35,153808615.6,9501683.0,50782.5,146.425,130.15,171.2,0,88,0.0023857409101628937,0.958340898042566,C_tail_5pct,P3
NSELINEAGE:5998267648ac7b38,XLTELENE,EQ,2010-02-19,2010-12-10,295,205,205,2010-02-19,2010-12-10,0,0,,,0,False,unresolved_no_anchor,no_anchor,0,205,<NONE>-><NONE>,,,205,0,1328335229.1000001,6479684.044390244,2424532.45,233224695.05,37393349.0,75712.0,33.65,23.45,41.95,0,205,0.002161327408013869,0.9605022254505798,C_tail_5pct,P3
NSELINEAGE:ab15ebc18583358d,GMRINDS,EQ,2010-02-19,2010-10-14,238,165,165,2010-02-19,2010-10-14,0,0,,,0,False,unresolved_no_anchor,no_anchor,0,165,<NONE>-><NONE>,,,165,0,1279799474.75,7756360.453030303,978491.5,290675240.65,9771424.0,8908.0,113.35,98.8,159.85,0,165,0.0020823551321551923,0.962584580582735,C_tail_5pct,P3
NSELINEAGE:6879b29928076015,RAMANEWS,EQ,2010-02-19,2010-12-23,308,174,174,2010-02-19,2010-12-23,0,0,,,0,False,unresolved_no_anchor,no_anchor,0,174,<NONE>-><NONE>,,,174,0,1262523253.25,7255880.765804598,2790414.825,115366444.55,60938274.0,138594.5,19.125,15.1,26.25,0,174,0.0020542450811553647,0.9646388256638904,C_tail_5pct,P3
NSELINEAGE:6a65c2acc4104008,VITLINFO,EQ,2010-01-04,2010-07-23,201,139,139,2010-01-04,2010-07-23,0,0,,,0,False,unresolved_no_anchor,no_anchor,0,139,<NONE>-><NONE>,,,139,0,1216990029.1,8755323.950359711,4484520.4,93969237.1,108945897.0,453860.0,10.0,8.25,14.35,0,139,0.0019801582067168148,0.9666189838706072,C_tail_5pct,P3
NSELINEAGE:1ce24b9cfd45e6b3,HINVDIR,EQ,2010-01-04,2010-07-07,185,127,127,2010-01-04,2010-07-07,0,0,,,0,False,unresolved_no_anchor,no_anchor,0,127,<NONE>-><NONE>,,,127,0,1163609834.25,9162282.15944882,1161013.85,375340816.35,3310587.0,3831.0,277.95,222.05,396.95,0,127,0.0018933035666779483,0.9685122874372851,C_tail_5pct,P3
NSELINEAGE:22151cea4a455e32,KALSTEELS,EQ,2010-01-04,2010-04-21,108,72,72,2010-01-04,2010-04-21,0,0,,,0,False,unresolved_no_anchor,no_anchor,0,72,<NONE>-><NONE>,,,72,0,1106660419.6,15370283.605555555,6874504.4,186493441.25,4697950.0,32587.5,212.4,183.6,282.15,0,72,0.0018006414674902398,0.9703129289047754,C_tail_5pct,P3
NSELINEAGE:f3bd7103a14adc37,MICRO,EQ,2010-01-04,2010-04-05,92,61,61,2010-01-04,2010-04-05,0,0,,,0,False,unresolved_no_anchor,no_anchor,0,61,<NONE>-><NONE>,,,61,0,1015185709.1999999,16642388.675409835,10362433.15,131596693.8,1626959.0,17337.0,624.0,590.8,639.85,0,61,0.0016518034374534958,0.9719647323422289,C_tail_5pct,P3
NSELINEAGE:aae7a7edb5d0ab92,IVRPRIME,EQ,2010-01-04,2010-04-12,99,66,66,2010-01-04,2010-04-12,0,0,,,0,False,unresolved_no_anchor,no_anchor,0,66,<NONE>-><NONE>,,,66,0,956412685.05,14491101.288636362,8789072.6,100661939.0,5247804.0,48537.0,175.75,156.25,201.9,0,66,0.0015561741526431228,0.973520906494872,C_tail_5pct,P3
NSELINEAGE:4bb4d82e312c972f,SPICETELE,EQ,2010-01-04,2010-03-10,66,45,45,2010-01-04,2010-03-10,0,0,,,0,False,unresolved_no_anchor,no_anchor,0,45,<NONE>-><NONE>,,,45,0,930623061.5500002,20680512.47888889,10250930.65,270113274.05,14834071.0,169321.0,60.15,55.5,67.05,0,45,0.0015142119891080382,0.9750351184839801,C_tail_5pct,P3
NSELINEAGE:829569ef7c6036d3,KIRLOSOIL,EQ,2010-01-04,2010-04-20,107,71,71,2010-01-04,2010-04-20,0,0,,,0,False,unresolved_no_anchor,no_anchor,0,71,<NONE>-><NONE>,,,71,0,924891078.9000002,13026634.91408451,6335946.1,137600669.7,5495207.0,38099.0,163.05,153.05,176.2,0,71,0.001504885509667981,0.976540003993648,C_tail_5pct,P3
NSELINEAGE:2dd5696f0c49f7ad,SEJALGLASS,EQ,2010-01-04,2010-07-13,191,83,83,2010-01-04,2010-07-13,0,0,,,0,False,unresolved_no_anchor,no_anchor,0,83,<NONE>-><NONE>,,,83,0,847841090.9,10214952.902409637,1431403.6,236812777.0,12489288.0,23736.0,53.95,46.35,84.45,0,83,0.0013795178711356723,0.9779195218647837,C_tail_5pct,P3
NSELINEAGE:b76ae7bdb7d5eaf8,DHANUS,EQ,2010-01-04,2011-05-24,506,348,348,2010-01-04,2011-05-24,0,0,,,0,False,unresolved_no_anchor,no_anchor,0,348,<NONE>-><NONE>,,,348,0,724902236.4,2083052.4034482758,713208.05,118388375.0,33180367.0,40704.0,17.25,10.55,36.4,0,348,0.0011794846943293108,0.979099006559113,C_tail_5pct,P3
NSELINEAGE:007a8fd3d7f3af9c,KOVAI,EQ,2010-03-02,2010-11-22,266,185,185,2010-03-02,2010-11-22,0,0,,,0,False,unresolved_no_anchor,no_anchor,0,185,<NONE>-><NONE>,,,185,0,720439727.25,3894268.795945946,680893.7,115086110.15,4920042.0,4977.0,139.5,100.4,169.2,0,185,0.00117222376868109,0.9802712303277941,C_tail_5pct,P3
NSELINEAGE:fe435366a292238a,TECHNOELEC,EQ,2010-01-04,2010-07-06,184,126,126,2010-01-04,2010-07-06,0,0,,,0,False,unresolved_no_anchor,no_anchor,0,126,<NONE>-><NONE>,,,126,0,685494161.1000001,5440429.8500000015,2646372.2,57739655.3,2754283.0,11433.5,256.9,198.9,294.3,0,126,0.0011153640180293436,0.9813865943458234,C_tail_5pct,P3
NSELINEAGE:8cf4869c8a52594c,SAMTEL,EQ,2010-01-04,2010-11-22,323,223,223,2010-01-04,2010-11-22,0,0,,,0,False,unresolved_no_anchor,no_anchor,0,223,<NONE>-><NONE>,,,223,0,643460045.3499999,2885471.0553811654,1017665.9,78842242.6,33758828.0,60524.0,16.95,13.75,24.9,0,223,0.0010469705248418919,0.9824335648706654,C_tail_5pct,P3
NSELINEAGE:a9cacc1f41e8e443,MADRASFERT,EQ,2010-01-04,2010-01-21,18,14,14,2010-01-04,2010-01-21,0,0,,,0,False,unresolved_no_anchor,no_anchor,0,14,<NONE>-><NONE>,,,14,0,604706449.65,43193317.83214285,4029320.525,228748253.75,32250728.0,356872.0,11.8,11.3,20.5,0,14,0.0009839147489273672,0.9834174796195927,C_tail_5pct,P3
NSELINEAGE:cbcc4662eb4269bc,ICI,EQ,2010-01-04,2010-05-26,143,97,97,2010-01-04,2010-05-26,0,0,,,0,False,unresolved_no_anchor,no_anchor,0,97,<NONE>-><NONE>,,,97,0,588306201.2,6065012.383505155,1269738.2,207598454.35,982670.0,2060.0,602.95,575.75,656.45,0,97,0.0009572299891643983,0.9843747096087571,C_tail_5pct,P3
NSELINEAGE:9608deb453518b6f,IMFA,EQ,2010-07-23,2010-11-22,123,85,85,2010-07-23,2010-11-22,0,0,,,0,False,unresolved_no_anchor,no_anchor,0,85,<NONE>-><NONE>,,,85,0,560804346.55,6597698.194705882,2789296.7,68177816.1,738959.0,3709.0,720.05,635.65,804.95,0,85,0.00091248186314614,0.9852871914719032,C_tail_5pct,P3
NSELINEAGE:e93a1406e2645623,CORALHUB,EQ,2010-07-26,2011-02-02,192,134,134,2010-07-26,2011-02-02,0,0,,,0,False,unresolved_no_anchor,no_anchor,0,134,<NONE>-><NONE>,,,134,0,526872389.95,3931883.507089552,1787318.5,45310488.55,74392105.0,315223.0,7.35,2.25,9.7,0,134,0.0008572713513713326,0.9861444628232746,C_tail_5pct,P3
NSELINEAGE:7f8e00906345344a,INDOASIFU,EQ,2010-01-04,2010-07-22,200,71,71,2010-01-04,2010-07-22,0,0,,,0,False,unresolved_no_anchor,no_anchor,0,71,<NONE>-><NONE>,,,71,0,448305854.1,6314166.95915493,2715482.0,54989213.8,5344270.0,34592.0,70.0,59.6,113.15,0,71,0.0007294361456451691,0.9868738989689197,C_tail_5pct,P3
NSELINEAGE:f9febcbf42ad02c4,BLUEBIRD,EQ,2010-01-04,2010-09-02,242,168,168,2010-01-04,2010-09-02,0,0,,,0,False,unresolved_no_anchor,no_anchor,0,168,<NONE>-><NONE>,,,168,0,421148884.0,2506838.595238095,1290038.875,16696824.05,23154310.0,72059.5,15.4,10.05,33.85,0,168,0.0006852491795014559,0.9875591481484212,C_tail_5pct,P3
NSELINEAGE:1e22db911f8fd477,BIRLACOT,EQ,2010-01-04,2010-01-21,18,14,14,2010-01-04,2010-01-21,0,0,,,0,False,unresolved_no_anchor,no_anchor,0,14,<NONE>-><NONE>,,,14,0,414230736.7,29587909.764285713,4637348.0,111309237.4,305691449.0,4475561.5,1.3,0.9,1.5,0,14,0.0006739926976702106,0.9882331408460914,C_tail_5pct,P3
NSELINEAGE:d9b903dc4968878c,SIL,EQ,2010-01-04,2010-11-22,323,184,184,2010-01-04,2010-11-22,0,0,,,0,False,unresolved_no_anchor,no_anchor,0,184,<NONE>-><NONE>,,,184,0,388443617.29999995,2111106.6157608693,792365.6000000001,21669913.55,9286286.0,20796.0,44.025,22.65,52.0,0,184,0.0006320346085433353,0.9888651754546347,C_tail_5pct,P3
NSELINEAGE:ba0e9c79c84c18e1,TREADS,EQ,2010-01-04,2011-01-10,372,257,257,2010-01-04,2011-01-10,0,0,,,0,False,unresolved_no_anchor,no_anchor,0,257,<NONE>-><NONE>,,,257,0,356674667.6,1387839.1735408562,414554.25,106164871.2,33429635.0,45286.0,9.1,7.25,12.5,0,257,0.0005803435141522411,0.989445518968787,C_tail_5pct,P3
NSELINEAGE:0f502e3c22ec435a,ETC,EQ,2010-02-19,2010-09-15,209,144,144,2010-02-19,2010-09-15,0,0,,,0,False,unresolved_no_anchor,no_anchor,0,144,<NONE>-><NONE>,,,144,0,325148985.8,2257979.0680555557,483689.175,87995449.45,1277811.0,1911.5,256.6,196.75,283.3,0,144,0.0005290482397079806,0.989974567208495,C_tail_5pct,P3
NSELINEAGE:63cca043610156e6,ANGAUTO,EQ,2010-01-04,2010-06-15,163,111,111,2010-01-04,2010-06-15,0,0,,,0,False,unresolved_no_anchor,no_anchor,0,111,<NONE>-><NONE>,,,111,0,317535965.15,2860684.3707207204,938906.3,68351635.8,6188073.0,20168.0,44.5,38.95,56.75,0,111,0.000516661133028766,0.9904912283415237,C_tail_5pct,P3
NSELINEAGE:70738c687581d611,GWALCHEM,EQ,2010-01-04,2010-03-04,60,41,41,2010-01-04,2010-03-04,0,0,,,0,False,unresolved_no_anchor,no_anchor,0,41,<NONE>-><NONE>,,,41,0,307292430.0,7494937.317073171,4026369.4,43574187.9,3229909.0,42809.0,92.55,90.1,96.7,0,41,0.000499993929758362,0.9909912222712821,C_tail_5pct,P3
NSELINEAGE:c32eb11a02d53185,NET4INDIA,EQ,2010-12-10,2011-02-25,78,54,54,2010-12-10,2011-02-25,0,0,,,0,False,unresolved_no_anchor,no_anchor,0,54,<NONE>-><NONE>,,,54,0,304743780.1000001,5643403.335185187,3998142.425,84039412.95,2738442.0,36034.0,111.225,95.0,118.55,0,54,0.0004958470346360864,0.9914870693059182,C_tail_5pct,P3
NSELINEAGE:2af551e054d4f775,KALYANIFRG,EQ,2010-01-04,2010-08-19,228,151,151,2010-01-04,2010-08-19,0,0,,,0,False,unresolved_no_anchor,no_anchor,0,151,<NONE>-><NONE>,,,151,0,276961859.0,1834184.4966887417,81034.7,96018547.5,1232777.0,463.0,178.35,134.0,243.9,0,151,0.00045064321393986623,0.9919377125198581,C_tail_5pct,P3
NSELINEAGE:bfb812a181ec15e1,GMRFER,EQ,2010-01-04,2010-06-01,149,101,101,2010-01-04,2010-06-01,0,0,,,0,False,unresolved_no_anchor,no_anchor,0,101,<NONE>-><NONE>,,,101,0,276748518.65000004,2740084.3430693075,1068240.95,49038955.2,6324882.0,25418.0,38.65,33.4,51.55,0,101,0.00045029608895545806,0.9923880086088135,C_tail_5pct,P3
NSELINEAGE:cbbc0793acde5a80,SOFTPRO,EQ,2010-01-04,2010-10-28,298,123,123,2010-01-04,2010-10-28,0,0,,,0,False,unresolved_no_anchor,no_anchor,0,123,<NONE>-><NONE>,,,123,0,274469493.0,2231459.2926829266,123201.6,56029478.1,937637.0,607.0,225.7,185.05,364.75,0,123,0.0004465878980613198,0.9928345965068748,C_tail_5pct,P3
NSELINEAGE:cde3e89fa8e91f59,SEZALGLASS,EQ,2010-07-14,2011-04-18,279,119,119,2010-07-14,2011-04-18,0,0,,,0,False,unresolved_no_anchor,no_anchor,0,119,<NONE>-><NONE>,,,119,0,249780932.49999997,2098999.432773109,502547.55,47324683.55,13751833.0,79432.0,6.0,2.8,104.8,0,119,0.0004064172684611305,0.9932410137753359,C_tail_5pct,P3
NSELINEAGE:d84e3c72326b5614,MANALU,EQ,2010-01-04,2011-03-15,436,301,301,2010-01-04,2011-03-15,0,0,,,0,False,unresolved_no_anchor,no_anchor,0,301,<NONE>-><NONE>,,,301,0,248567553.70000002,825805.8262458473,112372.75,80978533.9,3708907.0,2170.0,55.65,39.35,76.9,0,301,0.0004044429860666782,0.9936454567614026,C_tail_5pct,P3
NSELINEAGE:27a3e1717c898701,PSTL,EQ,2010-01-04,2010-05-31,148,82,82,2010-01-04,2010-05-31,0,0,,,0,False,unresolved_no_anchor,no_anchor,0,82,<NONE>-><NONE>,,,82,0,235024154.75,2866148.2286585364,1543864.45,20936956.25,14374376.0,100472.0,15.225,9.65,23.25,0,82,0.0003824065914073767,0.99402786335281,C_tail_5pct,P3
NSELINEAGE:45196104713f1f02,SAPL,EQ,2010-01-04,2010-07-14,192,132,132,2010-01-04,2010-07-14,0,0,,,0,False,unresolved_no_anchor,no_anchor,0,132,<NONE>-><NONE>,,,132,0,234928045.95,1779757.9238636363,1294948.7999999998,16874353.3,17130440.0,98283.5,13.225,11.85,14.8,0,132,0.0003822502132740255,0.994410113566084,C_tail_5pct,P3
NSELINEAGE:1f09c2e4c381a3cb,ELGIRUBBER,EQ,2010-01-04,2011-01-10,372,257,257,2010-01-04,2011-01-10,0,0,,,0,False,unresolved_no_anchor,no_anchor,0,257,<NONE>-><NONE>,,,257,0,234051011.14999998,910704.3235408559,301603.05,19203620.75,21909139.0,35139.0,9.0,7.75,14.35,0,257,0.00038082319446921197,0.9947909367605532,C_tail_5pct,P3
NSELINEAGE:b08ca4333b8ca361,NAHARINVST,EQ,2010-01-04,2011-06-14,527,319,319,2010-01-04,2011-06-14,0,0,,,0,False,unresolved_no_anchor,no_anchor,0,319,<NONE>-><NONE>,,,319,0,233308864.85,731375.7518808778,102039.2,32083741.95,6203998.0,3486.0,30.0,21.2,53.55,0,319,0.0003796156520478363,0.995170552412601,C_tail_5pct,P3
NSELINEAGE:688afdd9461af7a2,IFL,EQ,2010-01-04,2010-09-02,242,150,150,2010-01-04,2010-09-02,0,0,,,0,False,unresolved_no_anchor,no_anchor,0,150,<NONE>-><NONE>,,,150,0,209837734.4,1398918.2293333334,383780.075,17235841.3,24225794.0,75048.5,5.3,4.85,18.6,0,150,0.0003414258966101034,0.9955119783092111,C_tail_5pct,P3
NSELINEAGE:3d27baf7a2bcb23e,ASIANHOTEL,EQ,2010-01-04,2010-02-23,51,35,35,2010-01-04,2010-02-23,0,0,,,0,False,unresolved_no_anchor,no_anchor,0,35,<NONE>-><NONE>,,,35,0,206218856.10000002,5891967.317142858,3323960.15,53963880.15,387124.0,6249.0,528.95,481.75,564.4,0,35,0.00033553763837173987,0.9958475159475828,C_tail_5pct,P3
NSELINEAGE:03be5a3d8ee7cb72,KBL,EQ,2010-01-04,2010-03-08,64,43,43,2010-01-04,2010-03-08,0,0,,,0,False,unresolved_no_anchor,no_anchor,0,43,<NONE>-><NONE>,,,43,0,204359185.95,4752539.208139535,1946635.0,44334084.35,776227.0,7826.0,245.15,224.25,270.55,0,43,0.0003325117786512357,0.996180027726234,C_tail_5pct,P3
NSELINEAGE:dfa0e376f7162bed,FAME,EQ,2010-01-04,2010-01-21,18,14,14,2010-01-04,2010-01-21,0,0,,,0,False,unresolved_no_anchor,no_anchor,0,14,<NONE>-><NONE>,,,14,0,183314488.0,13093892.0,6370917.975,58026857.8,4726699.0,182339.5,34.349999999999994,32.15,43.0,0,14,0.0002982700590338724,0.9964782977852679,C_tail_5pct,P3
NSELINEAGE:bac02242f3cf0fa3,ENKEI,EQ,2010-04-21,2010-11-22,216,147,147,2010-04-21,2010-11-22,0,0,,,0,False,unresolved_no_anchor,no_anchor,0,147,<NONE>-><NONE>,,,147,0,165764862.05,1127652.1227891156,146540.3,77751087.4,1463647.0,1380.0,102.3,84.0,124.95,0,147,0.0002697151530619621,0.9967480129383298,C_tail_5pct,P3
NSELINEAGE:5a6ce3b15ea9216a,CONSOFINVT,EQ,2010-01-04,2010-01-21,18,14,14,2010-01-04,2010-01-21,0,0,,,0,False,unresolved_no_anchor,no_anchor,0,14,<NONE>-><NONE>,,,14,0,155667694.3,11119121.021428572,5368715.1,54389508.9,1948072.0,71814.5,69.3,58.35,90.4,0,14,0.0002532861034340494,0.9970012990417638,C_tail_5pct,P3
NSELINEAGE:ea3f7548d117a547,DTIL,EQ,2010-01-04,2010-07-23,201,139,139,2010-01-04,2010-07-23,0,0,,,0,False,unresolved_no_anchor,no_anchor,0,139,<NONE>-><NONE>,,,139,0,152226203.25,1095152.5413669064,322887.8,27775988.1,910986.0,2012.0,160.35,142.8,185.0,0,139,0.0002476864710763055,0.9972489855128401,C_tail_5pct,P3
NSELINEAGE:28876a059329e651,ONWARDTEC,EQ,2010-01-04,2010-07-08,186,128,128,2010-01-04,2010-07-08,0,0,,,0,False,unresolved_no_anchor,no_anchor,0,128,<NONE>-><NONE>,,,128,0,148920716.25,1163443.095703125,130290.625,18425622.0,5066738.0,6541.5,19.975,17.15,40.1,0,128,0.00024230813020765745,0.9974912936430478,C_tail_5pct,P3
NSELINEAGE:75008f00281119c0,SAKSOFT,EQ,2010-01-04,2011-02-03,396,223,223,2010-01-04,2011-02-03,0,0,,,0,False,unresolved_no_anchor,no_anchor,0,223,<NONE>-><NONE>,,,223,0,146631612.1,657540.8614349775,148216.25,19712005.65,2615741.0,2455.0,49.0,38.25,73.0,0,223,0.00023858354063809118,0.9977298771836859,C_tail_5pct,P3
NSELINEAGE:8856ce25afecf8e1,LGBROS,EQ,2010-01-04,2010-03-12,68,47,47,2010-01-04,2010-03-12,0,0,,,0,False,unresolved_no_anchor,no_anchor,0,47,<NONE>-><NONE>,,,47,0,137264769.95,2920527.020212766,2217776.45,9687256.55,5664228.0,86214.0,23.3,20.8,26.0,0,47,0.00022334280003148148,0.9979532199837173,C_tail_5pct,P3
NSELINEAGE:9aa7c9c9bc5ae8d8,UMESL,EQ,2010-02-19,2010-06-11,113,29,29,2010-02-19,2010-06-11,0,0,,,0,False,unresolved_no_anchor,no_anchor,0,29,<NONE>-><NONE>,,,29,0,135961293.0,4688320.448275862,1644687.0,30697267.7,3559969.0,49390.0,28.8,22.85,57.2,0,29,0.00022122191940132752,0.9981744419031187,C_tail_5pct,P3
NSELINEAGE:35351eaf46c3472d,COMSYS,EQ,2010-02-19,2010-11-24,279,163,163,2010-02-19,2010-11-24,0,0,,,0,False,unresolved_no_anchor,no_anchor,0,163,<NONE>-><NONE>,,,163,0,105240001.5,645644.1809815951,392630.55,9429833.9,2607854.0,10610.0,34.2,21.15,62.85,0,163,0.00017123546427017715,0.9983456773673889,C_tail_5pct,P3
NSELINEAGE:55a189009f136eb9,SB&TINTL,EQ,2010-01-04,2011-03-17,438,285,285,2010-01-04,2011-03-17,0,0,,,0,False,unresolved_no_anchor,no_anchor,0,285,<NONE>-><NONE>,,,285,0,96804958.44999999,339666.52087719296,143733.45,9466291.1,7598449.0,12380.0,11.45,8.2,15.25,0,285,0.00015751084917877884,0.9985031882165677,C_tail_5pct,P3
NSELINEAGE:ae8484d3c1fb208d,VIJAYTEX,EQ,2010-08-09,2011-04-01,236,165,165,2010-08-09,2011-04-01,0,0,,,0,False,unresolved_no_anchor,no_anchor,0,165,<NONE>-><NONE>,,,165,0,71041856.05,430556.7033333333,116503.75,10834775.05,2580330.0,4762.0,25.8,16.0,35.25,0,165,0.00011559183798887387,0.9986187800545566,C_tail_5pct,P3
NSELINEAGE:37917c89b5571626,PTL,EQ,2010-01-04,2010-07-08,186,52,52,2010-01-04,2010-07-08,0,0,,,0,False,unresolved_no_anchor,no_anchor,0,52,<NONE>-><NONE>,,,52,0,66938086.90000001,1287270.9019230772,401496.17500000005,9566070.25,2515828.0,19236.0,21.025,17.8,35.95,0,52,0.00010891461634651313,0.9987276946709032,C_tail_5pct,P3
NSELINEAGE:19431cf96236eba1,SURYALAXMI,EQ,2010-01-04,2010-01-21,18,14,14,2010-01-04,2010-01-21,0,0,,,0,False,unresolved_no_anchor,no_anchor,0,14,<NONE>-><NONE>,,,14,0,66259926.75,4732851.910714285,976430.95,48061111.95,1332427.0,23611.0,43.575,35.9,52.05,0,14,0.00010781118546016157,0.9988355058563634,C_tail_5pct,P3
NSELINEAGE:0e36b804e3fdce45,ASHCO,EQ,2010-01-04,2010-04-16,103,69,69,2010-01-04,2010-04-16,0,0,,,0,False,unresolved_no_anchor,no_anchor,0,69,<NONE>-><NONE>,,,69,0,52918585.300000004,766936.0188405798,426787.5,5948214.25,40002805.0,334168.0,1.25,1.1,1.5,0,69,8.61035575181598e-05,0.9989216094138815,C_tail_5pct,P3
NSELINEAGE:bb8eaf8ef9122362,RPGCABLES,EQ,2010-01-04,2010-04-15,102,68,68,2010-01-04,2010-04-15,0,0,,,0,False,unresolved_no_anchor,no_anchor,0,68,<NONE>-><NONE>,,,68,0,50139295.55,737342.581617647,376432.375,8646295.05,1808496.0,13606.0,26.975,25.65,29.05,0,68,8.158138948414855e-05,0.9990031908033656,C_tail_5pct,P3
NSELINEAGE:04380191e600f4ef,CHI,EQ,2010-01-04,2010-02-02,30,21,21,2010-01-04,2010-02-02,0,0,,,0,False,unresolved_no_anchor,no_anchor,0,21,<NONE>-><NONE>,,,21,0,49867596.650000006,2374647.4595238096,1289945.45,8928927.85,1091670.0,31679.0,45.05,40.35,48.5,0,21,8.113930960368413e-05,0.9990843301129694,C_tail_5pct,P3
NSELINEAGE:a8304cbd7254afe4,AMBICAAGAR,EQ,2010-03-10,2010-09-02,177,124,124,2010-03-10,2010-09-02,0,0,,,0,False,unresolved_no_anchor,no_anchor,0,124,<NONE>-><NONE>,,,124,0,47056037.750000015,379484.17540322593,122330.575,13073346.7,3266382.0,9431.0,12.9,11.6,16.25,0,124,7.656463660195059e-05,0.9991608947495714,C_tail_5pct,P3
NSELINEAGE:57e5114b837440d2,DYNACONS,EQ,2010-01-04,2011-01-05,367,254,254,2010-01-04,2011-01-05,0,0,,,0,False,unresolved_no_anchor,no_anchor,0,254,<NONE>-><NONE>,,,254,0,43576223.699999996,171559.93582677163,90584.025,4197617.0,45306339.0,102610.0,0.9,0.75,1.25,0,254,7.090264908833735e-05,0.9992317973986597,C_tail_5pct,P3
NSELINEAGE:87bc22a3bb4428b4,SUMMIT,EQ,2010-01-04,2010-02-02,30,21,21,2010-01-04,2010-02-02,0,0,,,0,False,unresolved_no_anchor,no_anchor,0,21,<NONE>-><NONE>,,,21,0,41137341.650000006,1958921.0309523812,1444955.55,14157909.05,2393710.0,85705.0,15.75,14.55,17.7,0,21,6.69343566692998e-05,0.999298731755329,C_tail_5pct,P3
NSELINEAGE:00228646d32702e7,IGARASHI,EQ,2010-01-04,2010-01-21,18,14,14,2010-01-04,2010-01-21,0,0,,,0,False,unresolved_no_anchor,no_anchor,0,14,<NONE>-><NONE>,,,14,0,35798510.4,2557036.457142857,1736161.2999999998,6985346.75,767550.0,36424.5,45.675,38.15,51.3,0,14,5.824757184676366e-05,0.9993569793271758,C_tail_5pct,P3
NSELINEAGE:5a17ae85ebc68961,TNTELE,EQ,2010-02-19,2010-09-16,210,115,115,2010-02-19,2010-09-16,0,0,,,0,False,unresolved_no_anchor,no_anchor,0,115,<NONE>-><NONE>,,,115,0,34755547.6,302222.15304347826,20736.45,10828549.0,2797882.0,2464.0,8.45,7.15,14.5,0,115,5.655057244797019e-05,0.9994135298996238,C_tail_5pct,P3
NSELINEAGE:52a30a4bbdb3156d,QUINTEGRA,EQ,2010-01-04,2010-01-21,18,14,14,2010-01-04,2010-01-21,0,0,,,0,False,unresolved_no_anchor,no_anchor,0,14,<NONE>-><NONE>,,,14,0,34243728.75,2445980.625,919929.8999999999,7339644.8,2340290.0,63008.5,14.399999999999999,10.75,15.7,0,14,5.571779463389939e-05,0.9994692476942577,C_tail_5pct,P3
NSELINEAGE:7c7eca4e4f049840,LPDC,EQ,2010-02-19,2010-07-22,154,106,106,2010-02-19,2010-07-22,0,0,,,0,False,unresolved_no_anchor,no_anchor,0,106,<NONE>-><NONE>,,,106,0,33851487.2,319353.6528301887,63519.725000000006,6728029.75,5761616.0,13448.5,4.55,3.85,7.1,0,106,5.50795804286259e-05,0.9995243272746863,C_tail_5pct,P3
NSELINEAGE:967f78db43eb177c,LAKSHMIFIN,EQ,2010-06-30,2010-11-22,146,99,99,2010-06-30,2010-11-22,0,0,,,0,False,unresolved_no_anchor,no_anchor,0,99,<NONE>-><NONE>,,,99,0,28836184.749999996,291274.5934343434,44913.5,4921813.2,418038.0,790.0,56.2,33.0,89.4,0,99,4.691920764982935e-05,0.9995712464823362,C_tail_5pct,P3
NSELINEAGE:43e97f2bc6e5c054,SOLEMS,EQ,2010-01-04,2010-08-23,232,91,91,2010-01-04,2010-08-23,0,0,,,0,False,unresolved_no_anchor,no_anchor,0,91,<NONE>-><NONE>,,,91,0,28819804.199999996,316701.145054945,39850.5,7046313.7,519704.0,650.0,62.25,43.0,77.7,0,91,4.689255494131289e-05,0.9996181390372775,C_tail_5pct,P3
NSELINEAGE:57dbe3135f4f62b4,BELCERAMIC,EQ,2010-01-04,2010-07-23,201,139,139,2010-01-04,2010-07-23,0,0,,,0,False,unresolved_no_anchor,no_anchor,0,139,<NONE>-><NONE>,,,139,0,26940291.85,193815.04928057556,84195.8,1785423.25,3078410.0,9654.0,8.1,6.45,10.9,0,139,4.383441007941092e-05,0.9996619734473569,C_tail_5pct,P3
NSELINEAGE:515a1279ba2f17e3,SURANATELE,EQ,2010-01-04,2010-02-05,33,24,24,2010-01-04,2010-02-05,0,0,,,0,False,unresolved_no_anchor,no_anchor,0,24,<NONE>-><NONE>,,,24,0,21330281.7,888761.7374999999,435741.075,7635367.7,535837.0,11268.5,38.875,38.0,40.75,0,24,3.4706391465731436e-05,0.9996966798388226,C_tail_5pct,P3
NSELINEAGE:9f205171f4817664,AICHAMP,EQ,2010-01-04,2010-11-22,323,142,142,2010-01-04,2010-11-22,0,0,,,0,False,unresolved_no_anchor,no_anchor,0,142,<NONE>-><NONE>,,,142,0,19267260.950000003,135684.93626760566,55049.3,1951305.1,477023.0,1513.0,39.0,29.7,47.05,0,142,3.1349661031579376e-05,0.9997280294998542,C_tail_5pct,P3
NSELINEAGE:e18cb35f5b93b728,DCMFINSERV,EQ,2010-02-19,2010-10-25,249,122,122,2010-02-19,2010-10-25,0,0,,,0,False,unresolved_no_anchor,no_anchor,0,122,<NONE>-><NONE>,,,122,0,17525905.699999996,143654.96475409833,39281.8,3401770.7,3658037.0,10156.5,3.8,3.15,5.95,0,122,2.8516310875336158e-05,0.9997565458107295,C_tail_5pct,P3
NSELINEAGE:60445e9a48d9b7dd,COMPUTECH,EQ,2010-01-04,2010-05-31,148,100,100,2010-01-04,2010-05-31,0,0,,,0,False,unresolved_no_anchor,no_anchor,0,100,<NONE>-><NONE>,,,100,0,16989240.35,169892.40350000001,77895.15,1281457.0,4185114.0,21287.0,3.65,2.6,5.0,0,100,2.7643105449118387e-05,0.9997841889161786,C_tail_5pct,P3
NSELINEAGE:6d611c62aab4df66,BRABOURNE,EQ,2010-01-04,2010-01-21,18,14,14,2010-01-04,2010-01-21,0,0,,,0,False,unresolved_no_anchor,no_anchor,0,14,<NONE>-><NONE>,,,14,0,14360729.100000001,1025766.3642857143,169617.4,5579137.9,1158364.0,17631.5,9.625,8.3,13.55,0,14,2.336626833568359e-05,0.9998075551845143,C_tail_5pct,P3
NSELINEAGE:b58726815c0108b9,OCTAV,EQ,2010-01-04,2010-02-02,30,21,21,2010-01-04,2010-02-02,0,0,,,0,False,unresolved_no_anchor,no_anchor,0,21,<NONE>-><NONE>,,,21,0,14115748.600000001,672178.5047619048,440131.6,4168502.65,623447.0,20070.0,22.6,18.95,24.55,0,21,2.296766182621257e-05,0.9998305228463404,C_tail_5pct,P3
NSELINEAGE:8511772e58f1e4b3,JEYPORE,EQ,2010-06-30,2010-11-22,146,99,99,2010-06-30,2010-11-22,0,0,,,0,False,unresolved_no_anchor,no_anchor,0,99,<NONE>-><NONE>,,,99,0,13846713.3,139865.79090909092,65748.8,740543.5,73275.0,344.0,189.2,164.0,221.2,0,99,2.252991587558593e-05,0.999853052762216,C_tail_5pct,P3
NSELINEAGE:c758fd46ca3d4d74,ASHCO,EQ,2010-08-20,2010-09-20,32,21,21,2010-08-20,2010-09-20,0,0,,,0,False,unresolved_no_anchor,no_anchor,0,21,<NONE>-><NONE>,,,21,0,10821754.850000001,515321.6595238096,368272.55,1076295.15,13450264.0,431151.0,0.85,0.75,0.9,0,21,1.7608021565429108e-05,0.9998706607837815,C_tail_5pct,P3
NSELINEAGE:8f3800b0bad248ac,SAKTHIFIN,EQ,2010-08-09,2010-08-19,11,9,9,2010-08-09,2010-08-19,0,0,,,0,False,unresolved_no_anchor,no_anchor,0,9,<NONE>-><NONE>,,,9,0,10389233.749999998,1154359.3055555553,548534.7,3005633.75,568307.0,30438.0,17.55,14.55,19.65,0,9,1.690426871186089e-05,0.9998875650524933,C_tail_5pct,P3
NSELINEAGE:f6cad336c0a0accc,SUPREMETEX,EQ,2010-01-04,2010-11-22,323,163,163,2010-01-04,2010-11-22,0,0,,,0,False,unresolved_no_anchor,no_anchor,0,163,<NONE>-><NONE>,,,163,0,10105794.2,61998.73742331288,15795.75,1269924.8,645389.0,1083.0,14.95,10.9,19.25,0,163,1.644308568026639e-05,0.9999040081381736,C_tail_5pct,P3
NSELINEAGE:db64c5ab4807d809,REGENCERAM,EQ,2010-01-04,2010-11-22,323,204,204,2010-01-04,2010-11-22,0,0,,,0,False,unresolved_no_anchor,no_anchor,0,204,<NONE>-><NONE>,,,204,0,9471757.5,46430.18382352941,23275.824999999997,564913.55,1020958.0,2685.0,8.95,7.3,11.15,0,204,1.541144783209674e-05,0.9999194195860057,C_tail_5pct,P3
NSELINEAGE:999bc6410a040df1,STEELTUBES,EQ,2010-02-19,2010-09-02,196,116,116,2010-02-19,2010-09-02,0,0,,,0,False,unresolved_no_anchor,no_anchor,0,116,<NONE>-><NONE>,,,116,0,7852753.550000001,67696.15129310345,27018.875,1387413.75,3012326.0,11942.0,2.2,1.9,3.2,0,116,1.277717484575988e-05,0.9999321967608514,C_tail_5pct,P3
NSELINEAGE:56af02c3a338eebd,STINDIA,EQ,2010-12-03,2011-05-24,173,113,113,2010-12-03,2011-05-24,0,0,,,0,False,unresolved_no_anchor,no_anchor,0,113,<NONE>-><NONE>,,,113,0,7646282.35,67666.21548672566,30621.7,759250.35,285995.0,1205.0,26.5,20.55,28.65,0,113,1.244122661992846e-05,0.9999446379874714,C_tail_5pct,P3
NSELINEAGE:da72f1e8063f621b,HINDSYNTEX,EQ,2010-02-19,2011-04-18,424,216,216,2010-02-19,2011-04-18,0,0,,,0,False,unresolved_no_anchor,no_anchor,0,216,<NONE>-><NONE>,,,216,0,6594120.0,30528.333333333332,5712.5,1806415.65,1171939.0,1403.0,3.85,3.1,7.9,0,216,1.0729258680723799e-05,0.9999553672461521,C_tail_5pct,P3
NSELINEAGE:e44a544626d6aa43,RANEENGINE,EQ,2010-01-04,2010-01-21,18,14,14,2010-01-04,2010-01-21,0,0,,,0,False,unresolved_no_anchor,no_anchor,0,14,<NONE>-><NONE>,,,14,0,6188612.3,442043.7357142857,257275.5,1556999.65,34538.0,1478.5,191.65,126.05,200.75,0,14,1.0069459191129229e-05,0.9999654367053432,C_tail_5pct,P3
NSELINEAGE:ae322f43acbe35bc,ICIL,EQ,2010-01-04,2010-05-27,144,69,69,2010-01-04,2010-05-27,0,0,,,0,False,unresolved_no_anchor,no_anchor,0,69,<NONE>-><NONE>,,,69,0,3615183.6999999997,52393.96666666666,10000.0,1562357.5,291375.0,979.0,10.0,8.7,13.5,0,69,5.882246773737235e-06,0.999971318952117,C_tail_5pct,P3
NSELINEAGE:eedbd412bac0ed50,STINDIA,EQ,2010-01-04,2010-05-27,144,80,80,2010-01-04,2010-05-27,0,0,,,0,False,unresolved_no_anchor,no_anchor,0,80,<NONE>-><NONE>,,,80,0,3210713.7500000005,40133.92187500001,13013.725,507801.95,313701.0,1661.0,8.05,6.8,13.15,0,80,5.224135801821436e-06,0.9999765430879188,C_tail_5pct,P3
NSELINEAGE:3c438384feb7aba1,IITL,EQ,2010-08-17,2010-08-23,7,5,5,2010-08-17,2010-08-23,0,0,,,0,False,unresolved_no_anchor,no_anchor,0,5,<NONE>-><NONE>,,,5,0,2643489.45,528697.89,374720.65,887348.6,13663.0,1941.0,195.4,186.85,207.9,0,5,4.301208065490814e-06,0.9999808442959843,C_tail_5pct,P3
NSELINEAGE:e83c37a3a090432a,FTCPOF5YDV,EQ,2010-01-04,2011-06-21,534,89,89,2010-01-04,2011-06-21,0,0,,,0,False,unresolved_no_anchor,no_anchor,0,89,<NONE>-><NONE>,,,89,0,2428029.5500000003,27281.23089887641,13075.0,224847.3,212370.0,1137.0,11.3,9.85,12.6,0,89,3.950634372196958e-06,0.9999847949303565,C_tail_5pct,P3
NSELINEAGE:1724d62d30dab9d4,BODHTREE,EQ,2010-08-09,2010-12-02,116,63,63,2010-08-09,2010-12-02,0,0,,,0,False,unresolved_no_anchor,no_anchor,0,63,<NONE>-><NONE>,,,63,0,2026496.2999999998,32166.607936507935,6325.9,297000.0,49991.0,159.0,37.85,24.5,47.65,0,63,3.2973016897220035e-06,0.9999880922320462,C_tail_5pct,P3
NSELINEAGE:1e47c282d7636e42,FTCPOF3YDV,EQ,2010-01-04,2010-05-19,136,59,59,2010-01-04,2010-05-19,0,0,,,0,False,unresolved_no_anchor,no_anchor,0,59,<NONE>-><NONE>,,,59,0,1976197.05,33494.86525423729,3480.0,1118540.85,172685.0,300.0,11.95,10.85,13.0,0,59,3.215460039176306e-06,0.9999913076920854,C_tail_5pct,P3
NSELINEAGE:f1de0c8d5125b527,LCCINFOTEC,EQ,2010-01-04,2010-01-21,18,14,14,2010-01-04,2010-01-21,0,0,,,0,False,unresolved_no_anchor,no_anchor,0,14,<NONE>-><NONE>,,,14,0,1857895.0,132706.7857142857,106161.04999999999,361416.9,2042419.0,105232.0,0.95,0.75,1.05,0,14,3.022971383084224e-06,0.9999943306634685,C_tail_5pct,P3
NSELINEAGE:a630f54722a61b45,DELTAMAGNT,EQ,2010-01-05,2010-07-06,183,68,68,2010-01-05,2010-07-06,0,0,,,0,False,unresolved_no_anchor,no_anchor,0,68,<NONE>-><NONE>,,,68,0,1073791.75,15791.055147058823,3647.1,154739.0,73136.0,255.5,14.25,12.5,19.65,0,68,1.7471610245153408e-06,0.9999960778244931,C_tail_5pct,P3
NSELINEAGE:7da08feecefd0bb4,JDORGOCHEM,EQ,2010-01-04,2010-02-02,30,15,15,2010-01-04,2010-02-02,0,0,,,0,False,unresolved_no_anchor,no_anchor,0,15,<NONE>-><NONE>,,,15,0,867581.7,57838.78,5566.55,767689.5,243650.0,1481.0,3.6,3.0,3.8,0,15,1.4116377145035441e-06,0.9999974894622076,C_tail_5pct,P3
NSELINEAGE:d7fc5e2e40e5665d,OSWALMIN,EQ,2010-12-29,2011-01-06,9,7,7,2010-12-29,2011-01-06,0,0,,,0,False,unresolved_no_anchor,no_anchor,0,7,<NONE>-><NONE>,,,7,0,431694.79999999993,61670.685714285704,53315.25,145494.9,4407.0,486.0,106.55,87.1,123.4,0,7,7.024083850951034e-07,0.9999981918705927,C_tail_5pct,P3
NSELINEAGE:fa655bc14cb4ab98,FTCPOF3YGR,EQ,2010-01-07,2010-05-27,141,46,46,2010-01-07,2010-05-27,0,0,,,0,False,unresolved_no_anchor,no_anchor,0,46,<NONE>-><NONE>,,,46,0,397524.14999999997,8641.829347826086,2395.0,129326.0,32983.0,200.0,12.1,10.85,13.1,0,46,6.468094965188454e-07,0.9999988386800892,C_tail_5pct,P3
NSELINEAGE:58204358f906c7d1,JDORGOCHEM,EQ,2010-06-14,2011-04-13,304,156,156,2010-06-14,2011-04-13,0,0,,,0,False,unresolved_no_anchor,no_anchor,0,156,<NONE>-><NONE>,,,156,0,392926.85,2518.761858974359,745.2249999999999,22435.75,125211.0,245.5,3.15,2.7,3.85,0,156,6.393292533729987e-07,0.9999994780093426,C_tail_5pct,P3
NSELINEAGE:5fc6e8db1d76b9c3,TCPLTD,EQ,2010-03-02,2010-06-09,100,17,17,2010-03-02,2010-06-09,0,0,,,0,False,unresolved_no_anchor,no_anchor,0,17,<NONE>-><NONE>,,,17,0,166704.85,9806.167647058825,111.8,96500.0,2394.0,1.0,75.5,33.95,111.8,0,17,2.7124460261282156e-07,0.9999997492539453,C_tail_5pct,P3
NSELINEAGE:eae273a2f4194a34,NUCENT,EQ,2010-01-07,2010-08-18,224,41,41,2010-01-07,2010-08-18,0,0,,,0,False,unresolved_no_anchor,no_anchor,0,41,<NONE>-><NONE>,,,41,0,154106.59999999998,3758.697560975609,997.5,54371.2,57754.0,500.0,2.3,1.8,3.0,0,41,2.5074605494089126e-07,1.0000000000000002,C_tail_5pct,P3
